{"stat.drop.minecraft.stone_pickaxe":1,"stat.pickup.minecraft.bone":9,"stat.pickup.minecraft.wooden_slab":186,"stat.pickup.aquaculture.gold_fishing_rod":2,"stat.leaveGame":6,"stat.mineBlock.minecraft.cobblestone":119,"stat.pickup.minecraft.stone_pickaxe":6,"stat.pickup.gravestone.death_info":10,"stat.swimOneCm":100964,"stat.useItem.minecraft.planks":461,"stat.climbOneCm":107974,"stat.drop.minecraft.wooden_door":1,"stat.mineBlock.gravestone.gravestone":9,"stat.useItem.minecraft.dirt":36,"stat.useItem.minecraft.stone_slab2":57,"stat.useItem.minecraft.water_bucket":72,"stat.pickup.minecraft.rotten_flesh":10,"stat.craftItem.minecraft.furnace":3,"stat.entityKilledBy.mutantbeasts.mutant_enderman":1,"stat.craftItem.minecraft.stone_axe":4,"stat.pickup.mutantbeasts.mutant_skeleton_leggings":1,"stat.pickup.minecraft.bucket":1,"stat.craftItem.minecraft.stone_pickaxe":2,"stat.craftItem.minecraft.cooked_beef":1,"stat.pickup.minecraft.shears":1,"stat.pickup.minecraft.cobblestone":315,"stat.mineBlock.minecraft.wooden_slab":16,"stat.pickup.mutantbeasts.mutant_skeleton_rib":2,"stat.craftItem.minecraft.stone_sword":1,"stat.flyOneCm":324029,"stat.pickup.minecraft.sandstone":10,"stat.pickup.minecraft.glass_bottle":1,"stat.craftItem.toughasnails.campfire":1,"stat.craftItem.minecraft.wooden_slab":468,"stat.useItem.minecraft.cooked_beef":1,"stat.mineBlock.minecraft.iron_ore":8,"stat.timeSinceDeath":99759,"stat.useItem.minecraft.iron_pickaxe":31,"stat.craftItem.minecraft.wooden_pickaxe":2,"stat.useItem.minecraft.wooden_slab":420,"stat.craftItem.minecraft.bed":3,"stat.drop.gravestone.death_info":26,"stat.pickup.cgm.basic_ammo":126,"stat.pickup.minecraft.wooden_axe":1,"stat.furnaceInteraction":22,"stat.drop.minecraft.gravel":1,"stat.mineBlock.minecraft.coal_ore":34,"stat.pickup.minecraft.string":5,"stat.pickup.cgm.advanced_ammo":64,"stat.mineBlock.minecraft.ladder":1,"stat.pickup.toughasnails.campfire":1,"stat.pickup.minecraft.beef":1,"stat.useItem.minecraft.cooked_mutton":16,"stat.pickup.aquaculture.loot":9,"stat.entityKilledBy.Skeleton":5,"stat.craftItem.minecraft.stone_slab2":0,"stat.sprintOneCm":391340,"stat.pickup.minecraft.paper":1,"stat.mineBlock.minecraft.stone_slab":4,"stat.pickup.minecraft.skull":1,"stat.craftItem.minecraft.stick":388,"stat.entityKilledBy.mutantbeasts.mutant_skeleton":1,"stat.useItem.minecraft.stone_slab":162,"stat.mineBlock.minecraft.crafting_table":9,"stat.entityKilledBy.Creeper":1,"stat.deaths":16,"stat.mineBlock.minecraft.planks":161,"stat.drop":37,"stat.playOneMinute":226421,"stat.entityKilledBy.mutantbeasts.mutant_creeper":1,"stat.useItem.minecraft.ladder":114,"stat.craftItem.minecraft.iron_pickaxe":1,"stat.killEntity.Zombie":3,"stat.mineBlock.minecraft.tallgrass":52,"stat.craftItem.minecraft.cooked_mutton":28,"stat.fishCaught":7,"stat.diveOneCm":112049,"stat.pickup.minecraft.cooked_mutton":16,"stat.chestOpened":53,"stat.pickup.minecraft.pumpkin":9,"stat.craftItem.minecraft.ladder":141,"stat.drop.minecraft.wooden_pickaxe":2,"stat.pickup.minecraft.gravel":1,"stat.pickup.minecraft.arrow":10,"stat.pickup.minecraft.stone_axe":5,"stat.pickup.aquaculture.iron_fishing_rod":1,"stat.useItem.minecraft.apple":2,"stat.jump":1725,"stat.pickup.minecraft.coal":81,"stat.fallOneCm":53287,"stat.pickup.minecraft.iron_ingot":14,"stat.useItem.minecraft.stone_axe":442,"stat.pickup.minecraft.gunpowder":2,"stat.crouchOneCm":136052,"stat.craftItem.minecraft.iron_ingot":7,"stat.craftItem.minecraft.torch":20,"stat.craftItem.minecraft.chest":7,"stat.pickup.minecraft.dirt":235,"stat.pickup.cgm.assault_rifle":1,"stat.craftingTableInteraction":42,"stat.pickup.minecraft.iron_ore":10,"stat.useItem.minecraft.sapling":11,"stat.mineBlock.minecraft.leaves2":1,"stat.mineBlock.minecraft.log2":6,"stat.damageTaken":5322,"stat.pickup.minecraft.leather":2,"stat.pickup.minecraft.feather":2,"stat.mineBlock.minecraft.torch":8,"stat.useItem.minecraft.wooden_pickaxe":6,"stat.drop.minecraft.water_bucket":1,"stat.pickup.minecraft.log2":8,"stat.pickup.minecraft.planks":430,"stat.pickup.aquaculture.fish":7,"stat.pickup.minecraft.wheat_seeds":5,"stat.entityKilledBy.Zombie":1,"stat.useItem.minecraft.stone_pickaxe":185,"stat.useItem.minecraft.stone_sword":11,"stat.damageDealt":1150,"stat.sleepInBed":11,"stat.killEntity.Cow":1,"stat.mineBlock.minecraft.dirt":81,"stat.pickup.aquaculture.food":1,"stat.craftItem.minecraft.stone_slab":180,"stat.walkOneCm":444490,"stat.useItem.minecraft.torch":16,"stat.useItem.minecraft.chest":3,"stat.playerKills":5,"stat.pickup.minecraft.stick":48,"stat.drop.minecraft.rotten_flesh":1,"stat.pickup.minecraft.crafting_table":7,"stat.useItem.minecraft.cobblestone":218,"stat.craftItem.minecraft.crafting_table":5,"stat.mineBlock.minecraft.double_plant":4,"stat.pickup.cgm.handgun":3,"stat.useItem.minecraft.lava_bucket":1,"stat.pickup.minecraft.log":259,"stat.drop.minecraft.sapling":1,"stat.pickup.minecraft.chicken":1,"stat.pickup.minecraft.sapling":30,"stat.drop.minecraft.wooden_slab":2,"stat.pickup.minecraft.apple":7,"stat.pickup.minecraft.ladder":96,"stat.pickup.minecraft.cooked_beef":1,"stat.killEntity.Skeleton":1,"stat.pickup.minecraft.record_mellohi":1,"stat.craftItem.minecraft.bucket":1,"stat.craftItem.minecraft.planks":1128,"stat.pickup.minecraft.stone_sword":3,"stat.craftItem.minecraft.fishing_rod":1,"stat.mobKills":6,"stat.mineBlock.minecraft.log":259,"stat.craftItem.minecraft.wooden_door":3,"stat.craftItem.minecraft.shears":1,"stat.useItem.minecraft.wooden_door":2,"stat.pickup.minecraft.water_bucket":3,"stat.mineBlock.minecraft.leaves":17,"stat.pickup.minecraft.torch":39,"stat.pickup.minecraft.red_flower":1,"stat.pickup.mutantbeasts.mutant_skeleton_limb":1,"stat.sneakTime":46211,"stat.pickup.minecraft.wool":2,"stat.drop.minecraft.bucket":1,"stat.pickup.minecraft.stone_slab":7,"stat.mineBlock.minecraft.stone":56,"stat.useItem.minecraft.fishing_rod":14}