{"stat.pickup.minecraft.bone":2,"stat.pickup.minecraft.wooden_slab":2,"stat.leaveGame":2,"stat.pickup.minecraft.stone_pickaxe":2,"stat.pickup.gravestone.death_info":6,"stat.swimOneCm":8375,"stat.useItem.minecraft.planks":66,"stat.mineBlock.gravestone.gravestone":5,"stat.useItem.minecraft.dirt":2,"stat.useItem.minecraft.stone_slab2":14,"stat.useItem.minecraft.water_bucket":2,"stat.pickup.minecraft.rotten_flesh":2,"stat.craftItem.minecraft.furnace":2,"stat.craftItem.minecraft.stone_axe":1,"stat.craftItem.minecraft.stone_pickaxe":1,"stat.craftItem.minecraft.cooked_beef":1,"stat.pickup.minecraft.cobblestone":54,"stat.mineBlock.minecraft.wooden_slab":2,"stat.craftItem.minecraft.stone_sword":1,"stat.flyOneCm":181313,"stat.craftItem.minecraft.wooden_slab":114,"stat.mineBlock.minecraft.iron_ore":8,"stat.timeSinceDeath":17328,"stat.craftItem.minecraft.wooden_pickaxe":1,"stat.useItem.minecraft.wooden_slab":109,"stat.drop.gravestone.death_info":13,"stat.furnaceInteraction":11,"stat.mineBlock.minecraft.coal_ore":24,"stat.pickup.minecraft.string":3,"stat.pickup.cgm.advanced_ammo":64,"stat.pickup.minecraft.beef":1,"stat.entityKilledBy.Skeleton":3,"stat.craftItem.minecraft.stone_slab2":0,"stat.sprintOneCm":50214,"stat.craftItem.minecraft.stick":16,"stat.entityKilledBy.mutantbeasts.mutant_skeleton":1,"stat.mineBlock.minecraft.crafting_table":4,"stat.entityKilledBy.Creeper":1,"stat.deaths":7,"stat.mineBlock.minecraft.planks":1,"stat.drop":14,"stat.playOneMinute":31137,"stat.entityKilledBy.mutantbeasts.mutant_creeper":1,"stat.mineBlock.minecraft.tallgrass":11,"stat.diveOneCm":16342,"stat.chestOpened":3,"stat.drop.minecraft.wooden_pickaxe":1,"stat.pickup.minecraft.arrow":6,"stat.pickup.minecraft.stone_axe":2,"stat.jump":500,"stat.pickup.minecraft.coal":70,"stat.fallOneCm":6512,"stat.pickup.minecraft.iron_ingot":14,"stat.useItem.minecraft.stone_axe":61,"stat.pickup.minecraft.gunpowder":1,"stat.crouchOneCm":20119,"stat.craftItem.minecraft.iron_ingot":7,"stat.craftItem.minecraft.torch":4,"stat.craftItem.minecraft.chest":2,"stat.pickup.minecraft.dirt":47,"stat.craftingTableInteraction":13,"stat.pickup.minecraft.iron_ore":10,"stat.mineBlock.minecraft.leaves2":1,"stat.mineBlock.minecraft.log2":6,"stat.damageTaken":2108,"stat.pickup.minecraft.leather":2,"stat.useItem.minecraft.wooden_pickaxe":3,"stat.pickup.minecraft.log2":8,"stat.pickup.minecraft.planks":33,"stat.pickup.minecraft.wheat_seeds":4,"stat.entityKilledBy.Zombie":1,"stat.useItem.minecraft.stone_pickaxe":60,"stat.useItem.minecraft.stone_sword":11,"stat.damageDealt":611,"stat.killEntity.Cow":1,"stat.mineBlock.minecraft.dirt":4,"stat.walkOneCm":52327,"stat.useItem.minecraft.torch":3,"stat.useItem.minecraft.chest":1,"stat.pickup.minecraft.stick":18,"stat.pickup.minecraft.crafting_table":4,"stat.useItem.minecraft.cobblestone":7,"stat.craftItem.minecraft.crafting_table":2,"stat.mineBlock.minecraft.double_plant":1,"stat.pickup.cgm.handgun":1,"stat.pickup.minecraft.log":46,"stat.craftItem.minecraft.bucket":1,"stat.craftItem.minecraft.planks":208,"stat.pickup.minecraft.stone_sword":2,"stat.craftItem.minecraft.fishing_rod":1,"stat.mobKills":2,"stat.mineBlock.minecraft.log":46,"stat.craftItem.minecraft.shears":1,"stat.mineBlock.minecraft.leaves":3,"stat.sneakTime":5825,"stat.pickup.minecraft.wool":1,"stat.mineBlock.minecraft.stone":31,"stat.useItem.minecraft.fishing_rod":13}