{"stat.pickup.minecraft.rotten_flesh":2,"stat.killEntity.Skeleton":4,"stat.walkOneCm":9917,"stat.pickup.minecraft.leaves":1,"stat.leaveGame":2,"stat.damageTaken":1021,"stat.mobKills":9,"stat.pickup.minecraft.cobblestone":2,"stat.pickup.cgm.rifle":1,"stat.pickup.minecraft.string":2,"stat.flyOneCm":4315,"stat.deaths":3,"stat.drop":2,"stat.jump":47,"stat.mineBlock.minecraft.leaves":2,"stat.playOneMinute":13864,"stat.killEntity.Witch":1,"stat.climbOneCm":976,"stat.fallOneCm":936,"stat.entityKilledBy.Zombie":1,"stat.drop.minecraft.string":2,"stat.sneakTime":122,"stat.damageDealt":42,"stat.pickup.minecraft.gunpowder":2,"stat.crouchOneCm":241,"stat.killEntity.Zombie":1,"stat.useItem.mutantbeasts.endersoul_hand":10,"stat.timeSinceDeath":8527,"stat.pickup.minecraft.dirt":3,"stat.sprintOneCm":914,"stat.useItem.minecraft.stone_slab2":1,"stat.craftingTableInteraction":3}