{"stat.pickup.minecraft.bone":6,"stat.pickup.minecraft.wooden_slab":67,"stat.leaveGame":2,"stat.mineBlock.minecraft.cobblestone":1,"stat.pickup.minecraft.stone_pickaxe":3,"stat.pickup.gravestone.death_info":9,"stat.swimOneCm":28055,"stat.useItem.minecraft.planks":316,"stat.climbOneCm":49796,"stat.drop.minecraft.wooden_door":1,"stat.mineBlock.gravestone.gravestone":7,"stat.useItem.minecraft.dirt":36,"stat.useItem.minecraft.stone_slab2":41,"stat.useItem.minecraft.water_bucket":7,"stat.pickup.minecraft.rotten_flesh":5,"stat.craftItem.minecraft.furnace":3,"stat.entityKilledBy.mutantbeasts.mutant_enderman":1,"stat.craftItem.minecraft.stone_axe":3,"stat.craftItem.minecraft.stone_pickaxe":2,"stat.craftItem.minecraft.cooked_beef":1,"stat.pickup.minecraft.cobblestone":83,"stat.mineBlock.minecraft.wooden_slab":15,"stat.craftItem.minecraft.stone_sword":1,"stat.flyOneCm":288802,"stat.craftItem.toughasnails.campfire":1,"stat.craftItem.minecraft.wooden_slab":468,"stat.mineBlock.minecraft.iron_ore":8,"stat.timeSinceDeath":1635,"stat.craftItem.minecraft.wooden_pickaxe":2,"stat.useItem.minecraft.wooden_slab":415,"stat.drop.gravestone.death_info":22,"stat.furnaceInteraction":20,"stat.mineBlock.minecraft.coal_ore":34,"stat.pickup.minecraft.string":5,"stat.pickup.cgm.advanced_ammo":64,"stat.mineBlock.minecraft.ladder":1,"stat.pickup.toughasnails.campfire":1,"stat.pickup.minecraft.beef":1,"stat.useItem.minecraft.cooked_mutton":3,"stat.entityKilledBy.Skeleton":5,"stat.craftItem.minecraft.stone_slab2":0,"stat.sprintOneCm":121099,"stat.craftItem.minecraft.stick":384,"stat.entityKilledBy.mutantbeasts.mutant_skeleton":1,"stat.mineBlock.minecraft.crafting_table":8,"stat.entityKilledBy.Creeper":1,"stat.deaths":13,"stat.mineBlock.minecraft.planks":14,"stat.drop":31,"stat.playOneMinute":116637,"stat.entityKilledBy.mutantbeasts.mutant_creeper":1,"stat.useItem.minecraft.ladder":114,"stat.killEntity.Zombie":2,"stat.mineBlock.minecraft.tallgrass":44,"stat.craftItem.minecraft.cooked_mutton":12,"stat.diveOneCm":52203,"stat.chestOpened":22,"stat.craftItem.minecraft.ladder":141,"stat.drop.minecraft.wooden_pickaxe":2,"stat.pickup.minecraft.arrow":9,"stat.pickup.minecraft.stone_axe":2,"stat.useItem.minecraft.apple":2,"stat.jump":1300,"stat.pickup.minecraft.coal":81,"stat.fallOneCm":34750,"stat.pickup.minecraft.iron_ingot":14,"stat.useItem.minecraft.stone_axe":259,"stat.pickup.minecraft.gunpowder":2,"stat.crouchOneCm":82549,"stat.craftItem.minecraft.iron_ingot":7,"stat.craftItem.minecraft.torch":8,"stat.craftItem.minecraft.chest":7,"stat.pickup.minecraft.dirt":195,"stat.craftingTableInteraction":35,"stat.pickup.minecraft.iron_ore":10,"stat.useItem.minecraft.sapling":6,"stat.mineBlock.minecraft.leaves2":1,"stat.mineBlock.minecraft.log2":6,"stat.damageTaken":4052,"stat.pickup.minecraft.leather":2,"stat.mineBlock.minecraft.torch":7,"stat.useItem.minecraft.wooden_pickaxe":6,"stat.drop.minecraft.water_bucket":1,"stat.pickup.minecraft.log2":8,"stat.pickup.minecraft.planks":239,"stat.pickup.minecraft.wheat_seeds":4,"stat.entityKilledBy.Zombie":1,"stat.useItem.minecraft.stone_pickaxe":94,"stat.useItem.minecraft.stone_sword":11,"stat.damageDealt":1150,"stat.killEntity.Cow":1,"stat.mineBlock.minecraft.dirt":71,"stat.walkOneCm":257615,"stat.useItem.minecraft.torch":7,"stat.useItem.minecraft.chest":3,"stat.playerKills":1,"stat.pickup.minecraft.stick":18,"stat.drop.minecraft.rotten_flesh":1,"stat.pickup.minecraft.crafting_table":7,"stat.useItem.minecraft.cobblestone":7,"stat.craftItem.minecraft.crafting_table":5,"stat.mineBlock.minecraft.double_plant":4,"stat.pickup.cgm.handgun":1,"stat.pickup.minecraft.log":223,"stat.drop.minecraft.sapling":1,"stat.pickup.minecraft.sapling":15,"stat.drop.minecraft.wooden_slab":2,"stat.pickup.minecraft.apple":3,"stat.pickup.minecraft.ladder":42,"stat.pickup.minecraft.record_mellohi":1,"stat.craftItem.minecraft.bucket":1,"stat.craftItem.minecraft.planks":900,"stat.pickup.minecraft.stone_sword":2,"stat.craftItem.minecraft.fishing_rod":1,"stat.mobKills":4,"stat.mineBlock.minecraft.log":223,"stat.craftItem.minecraft.wooden_door":3,"stat.craftItem.minecraft.shears":1,"stat.useItem.minecraft.wooden_door":2,"stat.pickup.minecraft.water_bucket":1,"stat.mineBlock.minecraft.leaves":17,"stat.pickup.minecraft.torch":7,"stat.sneakTime":26526,"stat.pickup.minecraft.wool":1,"stat.drop.minecraft.bucket":1,"stat.mineBlock.minecraft.stone":56,"stat.useItem.minecraft.fishing_rod":14}