{"stat.pickup.minecraft.bone":3,"stat.pickup.minecraft.wooden_slab":2,"stat.leaveGame":2,"stat.pickup.minecraft.stone_pickaxe":2,"stat.pickup.gravestone.death_info":8,"stat.swimOneCm":17369,"stat.useItem.minecraft.planks":69,"stat.mineBlock.gravestone.gravestone":5,"stat.useItem.minecraft.dirt":2,"stat.useItem.minecraft.stone_slab2":17,"stat.useItem.minecraft.water_bucket":2,"stat.pickup.minecraft.rotten_flesh":5,"stat.craftItem.minecraft.furnace":2,"stat.entityKilledBy.mutantbeasts.mutant_enderman":1,"stat.craftItem.minecraft.stone_axe":1,"stat.craftItem.minecraft.stone_pickaxe":1,"stat.craftItem.minecraft.cooked_beef":1,"stat.pickup.minecraft.cobblestone":57,"stat.mineBlock.minecraft.wooden_slab":2,"stat.craftItem.minecraft.stone_sword":1,"stat.flyOneCm":229799,"stat.craftItem.minecraft.wooden_slab":114,"stat.mineBlock.minecraft.iron_ore":8,"stat.timeSinceDeath":4183,"stat.craftItem.minecraft.wooden_pickaxe":2,"stat.useItem.minecraft.wooden_slab":109,"stat.drop.gravestone.death_info":19,"stat.furnaceInteraction":11,"stat.mineBlock.minecraft.coal_ore":24,"stat.pickup.minecraft.string":3,"stat.pickup.cgm.advanced_ammo":64,"stat.pickup.minecraft.beef":1,"stat.entityKilledBy.Skeleton":5,"stat.craftItem.minecraft.stone_slab2":0,"stat.sprintOneCm":68710,"stat.craftItem.minecraft.stick":20,"stat.entityKilledBy.mutantbeasts.mutant_skeleton":1,"stat.mineBlock.minecraft.crafting_table":4,"stat.entityKilledBy.Creeper":1,"stat.deaths":11,"stat.mineBlock.minecraft.planks":6,"stat.drop":23,"stat.playOneMinute":43737,"stat.entityKilledBy.mutantbeasts.mutant_creeper":1,"stat.mineBlock.minecraft.tallgrass":16,"stat.diveOneCm":19910,"stat.chestOpened":6,"stat.drop.minecraft.wooden_pickaxe":1,"stat.pickup.minecraft.arrow":8,"stat.pickup.minecraft.stone_axe":2,"stat.jump":709,"stat.pickup.minecraft.coal":70,"stat.fallOneCm":17996,"stat.pickup.minecraft.iron_ingot":14,"stat.useItem.minecraft.stone_axe":66,"stat.pickup.minecraft.gunpowder":1,"stat.crouchOneCm":30465,"stat.craftItem.minecraft.iron_ingot":7,"stat.craftItem.minecraft.torch":8,"stat.craftItem.minecraft.chest":3,"stat.pickup.minecraft.dirt":55,"stat.craftingTableInteraction":15,"stat.pickup.minecraft.iron_ore":10,"stat.mineBlock.minecraft.leaves2":1,"stat.mineBlock.minecraft.log2":6,"stat.damageTaken":3382,"stat.pickup.minecraft.leather":2,"stat.useItem.minecraft.wooden_pickaxe":6,"stat.pickup.minecraft.log2":8,"stat.pickup.minecraft.planks":36,"stat.pickup.minecraft.wheat_seeds":4,"stat.entityKilledBy.Zombie":1,"stat.useItem.minecraft.stone_pickaxe":60,"stat.useItem.minecraft.stone_sword":11,"stat.damageDealt":640,"stat.killEntity.Cow":1,"stat.mineBlock.minecraft.dirt":6,"stat.walkOneCm":81115,"stat.useItem.minecraft.torch":4,"stat.useItem.minecraft.chest":1,"stat.pickup.minecraft.stick":18,"stat.drop.minecraft.rotten_flesh":1,"stat.pickup.minecraft.crafting_table":4,"stat.useItem.minecraft.cobblestone":7,"stat.craftItem.minecraft.crafting_table":4,"stat.mineBlock.minecraft.double_plant":1,"stat.pickup.cgm.handgun":1,"stat.pickup.minecraft.log":52,"stat.drop.minecraft.sapling":1,"stat.pickup.minecraft.sapling":1,"stat.craftItem.minecraft.bucket":1,"stat.craftItem.minecraft.planks":232,"stat.pickup.minecraft.stone_sword":2,"stat.craftItem.minecraft.fishing_rod":1,"stat.mobKills":2,"stat.mineBlock.minecraft.log":52,"stat.craftItem.minecraft.shears":1,"stat.mineBlock.minecraft.leaves":3,"stat.sneakTime":9392,"stat.pickup.minecraft.wool":1,"stat.drop.minecraft.bucket":1,"stat.mineBlock.minecraft.stone":34,"stat.useItem.minecraft.fishing_rod":14}