{"stat.pickup.minecraft.wooden_slab":186,"stat.pickup.aquaculture.gold_fishing_rod":3,"stat.leaveGame":9,"stat.pickup.gravestone.death_info":11,"stat.useItem.minecraft.planks":461,"stat.drop.minecraft.wooden_door":1,"stat.mineBlock.gravestone.gravestone":14,"stat.useItem.minecraft.water_bucket":72,"stat.pickup.minecraft.rotten_flesh":12,"stat.craftItem.minecraft.stone_axe":4,"stat.pickup.minecraft.bucket":3,"stat.mineBlock.minecraft.wooden_slab":16,"stat.pickup.minecraft.leather_boots":6,"stat.craftItem.minecraft.stone_sword":1,"stat.useItem.minecraft.iron_pickaxe":34,"stat.craftItem.minecraft.wooden_pickaxe":2,"stat.craftItem.minecraft.bed":3,"stat.drop.gravestone.death_info":30,"stat.furnaceInteraction":29,"stat.drop.minecraft.gravel":3,"stat.pickup.toughasnails.campfire":1,"stat.pickup.minecraft.beef":1,"stat.useItem.minecraft.cooked_mutton":17,"stat.pickup.aquaculture.loot":19,"stat.pickup.minecraft.skull":3,"stat.entityKilledBy.mutantbeasts.mutant_skeleton":1,"stat.deaths":20,"stat.playOneMinute":284799,"stat.craftItem.aquaculture.food":46,"stat.craftItem.minecraft.iron_pickaxe":1,"stat.mineBlock.minecraft.tallgrass":53,"stat.craftItem.minecraft.cooked_mutton":28,"stat.fishCaught":29,"stat.pickup.minecraft.cooked_mutton":21,"stat.chestOpened":72,"stat.pickup.minecraft.pumpkin":9,"stat.pickup.minecraft.arrow":10,"stat.fallOneCm":73891,"stat.drop.minecraft.dye":3,"stat.crouchOneCm":144539,"stat.craftItem.minecraft.iron_ingot":7,"stat.craftItem.minecraft.chest":7,"stat.pickup.cgm.assault_rifle":3,"stat.craftingTableInteraction":42,"stat.mineBlock.minecraft.log2":6,"stat.pickup.minecraft.feather":2,"stat.drop.minecraft.bone":2,"stat.pickup.minecraft.dye":3,"stat.pickup.minecraft.planks":430,"stat.pickup.aquaculture.fish":30,"stat.pickup.minecraft.wheat_seeds":5,"stat.mineBlock.minecraft.gravel":24,"stat.useItem.minecraft.stone_pickaxe":185,"stat.useItem.minecraft.stone_sword":11,"stat.mineBlock.minecraft.dirt":81,"stat.useItem.minecraft.torch":16,"stat.drop.minecraft.rotten_flesh":1,"stat.pickup.minecraft.crafting_table":7,"stat.useItem.minecraft.cobblestone":218,"stat.craftItem.minecraft.crafting_table":5,"stat.useItem.minecraft.gravel":15,"stat.mineBlock.minecraft.double_plant":4,"stat.pickup.minecraft.log":259,"stat.pickup.minecraft.compass":2,"stat.pickup.minecraft.iron_pickaxe":2,"stat.drop.minecraft.sapling":1,"stat.pickup.minecraft.chicken":1,"stat.pickup.minecraft.sapling":30,"stat.pickup.minecraft.apple":11,"stat.craftItem.minecraft.bucket":1,"stat.craftItem.minecraft.planks":1128,"stat.pickup.minecraft.stone_sword":5,"stat.craftItem.minecraft.fishing_rod":1,"stat.mineBlock.minecraft.log":259,"stat.craftItem.minecraft.wooden_door":3,"stat.useItem.minecraft.wooden_door":2,"stat.pickup.minecraft.red_flower":1,"stat.pickup.mutantbeasts.mutant_skeleton_limb":1,"stat.sneakTime":49798,"stat.pickup.minecraft.wool":2,"stat.drop.minecraft.bucket":1,"stat.pickup.minecraft.stone_slab":25,"stat.useItem.minecraft.fishing_rod":14,"stat.drop.minecraft.stone_pickaxe":1,"stat.pickup.minecraft.bone":14,"stat.mineBlock.minecraft.cobblestone":119,"stat.pickup.minecraft.stone_pickaxe":6,"stat.pickup.minecraft.flint":7,"stat.swimOneCm":110210,"stat.climbOneCm":125782,"stat.useItem.minecraft.dirt":37,"stat.useItem.minecraft.stone_slab2":61,"stat.craftItem.minecraft.furnace":3,"stat.entityKilledBy.mutantbeasts.mutant_enderman":1,"stat.pickup.mutantbeasts.mutant_skeleton_leggings":1,"stat.craftItem.minecraft.stone_pickaxe":2,"stat.craftItem.minecraft.cooked_beef":1,"stat.pickup.minecraft.shears":3,"stat.pickup.minecraft.cobblestone":318,"stat.pickup.mutantbeasts.mutant_skeleton_rib":2,"stat.flyOneCm":393651,"stat.pickup.minecraft.sandstone":10,"stat.pickup.minecraft.glass_bottle":1,"stat.craftItem.toughasnails.campfire":1,"stat.craftItem.minecraft.wooden_slab":468,"stat.useItem.minecraft.cooked_beef":1,"stat.mineBlock.minecraft.iron_ore":9,"stat.timeSinceDeath":3494,"stat.useItem.minecraft.wooden_slab":420,"stat.pickup.cgm.basic_ammo":284,"stat.pickup.minecraft.wooden_axe":1,"stat.mineBlock.minecraft.coal_ore":34,"stat.pickup.minecraft.string":6,"stat.pickup.cgm.advanced_ammo":64,"stat.mineBlock.minecraft.ladder":1,"stat.entityKilledBy.Skeleton":7,"stat.craftItem.minecraft.stone_slab2":0,"stat.sprintOneCm":434215,"stat.pickup.minecraft.paper":3,"stat.mineBlock.minecraft.stone_slab":6,"stat.craftItem.minecraft.stick":388,"stat.useItem.minecraft.stone_slab":188,"stat.craftItem.minecraft.gold_nugget":1,"stat.mineBlock.minecraft.crafting_table":9,"stat.entityKilledBy.Creeper":1,"stat.mineBlock.minecraft.planks":161,"stat.drop":48,"stat.entityKilledBy.mutantbeasts.mutant_creeper":1,"stat.useItem.minecraft.ladder":127,"stat.killEntity.Zombie":4,"stat.diveOneCm":147270,"stat.craftItem.minecraft.ladder":141,"stat.drop.minecraft.wooden_pickaxe":2,"stat.pickup.minecraft.gravel":24,"stat.pickup.minecraft.stone_axe":7,"stat.pickup.aquaculture.iron_fishing_rod":3,"stat.useItem.minecraft.apple":2,"stat.jump":2168,"stat.pickup.minecraft.coal":81,"stat.pickup.minecraft.iron_ingot":15,"stat.useItem.minecraft.stone_axe":442,"stat.pickup.minecraft.gunpowder":3,"stat.craftItem.minecraft.torch":20,"stat.pickup.minecraft.dirt":235,"stat.pickup.minecraft.iron_ore":11,"stat.useItem.minecraft.sapling":11,"stat.mineBlock.minecraft.leaves2":1,"stat.damageTaken":6385,"stat.pickup.minecraft.leather":2,"stat.mineBlock.minecraft.torch":8,"stat.useItem.minecraft.wooden_pickaxe":6,"stat.drop.minecraft.water_bucket":1,"stat.pickup.minecraft.log2":8,"stat.entityKilledBy.Zombie":2,"stat.damageDealt":1150,"stat.sleepInBed":14,"stat.killEntity.Cow":1,"stat.pickup.aquaculture.food":1,"stat.craftItem.minecraft.stone_slab":180,"stat.walkOneCm":510275,"stat.useItem.minecraft.chest":3,"stat.playerKills":5,"stat.pickup.minecraft.stick":52,"stat.pickup.cgm.handgun":5,"stat.useItem.minecraft.lava_bucket":1,"stat.drop.minecraft.wooden_slab":2,"stat.pickup.minecraft.ladder":127,"stat.pickup.minecraft.cooked_beef":1,"stat.killEntity.Skeleton":1,"stat.pickup.minecraft.record_mellohi":1,"stat.mobKills":8,"stat.craftItem.minecraft.shears":1,"stat.pickup.minecraft.water_bucket":3,"stat.mineBlock.minecraft.leaves":17,"stat.pickup.minecraft.torch":55,"stat.mineBlock.minecraft.stone":56}