{"stat.pickup.minecraft.sand":1,"stat.walkOneCm":17318,"stat.craftItem.minecraft.planks":24,"stat.leaveGame":1,"stat.damageTaken":20,"stat.craftItem.minecraft.crafting_table":1,"stat.useItem.minecraft.wooden_pickaxe":1,"stat.mineBlock.minecraft.log":6,"stat.pickup.minecraft.reeds":4,"stat.pickup.minecraft.log":6,"stat.flyOneCm":4390,"stat.jump":67,"stat.mineBlock.minecraft.leaves":4,"stat.mineBlock.minecraft.sand":1,"stat.swimOneCm":653,"stat.playOneMinute":13444,"stat.fallOneCm":1587,"stat.sneakTime":43,"stat.timeSinceDeath":8686,"stat.sprintOneCm":7111,"stat.useItem.minecraft.stone_slab2":2,"stat.craftItem.minecraft.wooden_pickaxe":1,"stat.mineBlock.minecraft.stone":1,"stat.mineBlock.minecraft.tallgrass":1,"stat.diveOneCm":288,"stat.craftItem.minecraft.stick":4,"stat.craftingTableInteraction":1}