{"stat.useItem.minecraft.bow":2,"stat.pickup.minecraft.wooden_slab":186,"stat.pickup.aquaculture.gold_fishing_rod":3,"stat.useItem.aquaculture.food":5,"stat.leaveGame":12,"stat.pickup.gravestone.death_info":14,"stat.useItem.minecraft.planks":462,"stat.pickup.minecraft.glowstone_dust":2,"stat.drop.minecraft.wooden_door":1,"stat.pickup.minecraft.porkchop":4,"stat.pickup.minecraft.glass":8,"stat.mineBlock.gravestone.gravestone":21,"stat.useItem.minecraft.water_bucket":72,"stat.pickup.minecraft.rotten_flesh":13,"stat.craftItem.minecraft.stone_axe":4,"stat.pickup.minecraft.bucket":4,"stat.mineBlock.minecraft.wooden_slab":16,"stat.pickup.minecraft.leather_boots":9,"stat.craftItem.minecraft.stone_sword":1,"stat.killEntity.Villager":2,"stat.useItem.minecraft.iron_pickaxe":53,"stat.craftItem.minecraft.wooden_pickaxe":2,"stat.craftItem.minecraft.bed":4,"stat.drop.gravestone.death_info":44,"stat.furnaceInteraction":31,"stat.drop.minecraft.gravel":3,"stat.pickup.toughasnails.campfire":1,"stat.pickup.minecraft.beef":3,"stat.useItem.minecraft.cooked_mutton":18,"stat.pickup.aquaculture.loot":22,"stat.pickup.minecraft.iron_chestplate":1,"stat.pickup.minecraft.skull":4,"stat.entityKilledBy.mutantbeasts.mutant_skeleton":1,"stat.deaths":34,"stat.playOneMinute":395624,"stat.craftItem.aquaculture.food":127,"stat.craftItem.minecraft.iron_pickaxe":1,"stat.pickup.toughasnails.canteen":1,"stat.mineBlock.minecraft.tallgrass":76,"stat.craftItem.minecraft.cooked_mutton":28,"stat.fishCaught":47,"stat.pickup.minecraft.cooked_mutton":51,"stat.chestOpened":128,"stat.pickup.minecraft.pumpkin":9,"stat.pickup.minecraft.arrow":39,"stat.fallOneCm":174649,"stat.drop.minecraft.dye":3,"stat.crouchOneCm":163755,"stat.craftItem.minecraft.iron_ingot":7,"stat.craftItem.minecraft.chest":7,"stat.pickup.minecraft.melon":49,"stat.pickup.cgm.assault_rifle":7,"stat.craftingTableInteraction":45,"stat.mineBlock.minecraft.log2":6,"stat.pickup.minecraft.feather":2,"stat.drop.minecraft.bone":2,"stat.pickup.minecraft.dye":5,"stat.pickup.minecraft.planks":432,"stat.pickup.aquaculture.fish":58,"stat.pickup.minecraft.wheat_seeds":17,"stat.mineBlock.minecraft.gravel":30,"stat.useItem.minecraft.stone_pickaxe":233,"stat.useItem.minecraft.stone_sword":11,"stat.mineBlock.minecraft.dirt":92,"stat.pickup.minecraft.flint_and_steel":2,"stat.useItem.minecraft.torch":16,"stat.drop.minecraft.rotten_flesh":1,"stat.pickup.minecraft.crafting_table":7,"stat.useItem.minecraft.cobblestone":218,"stat.craftItem.minecraft.crafting_table":5,"stat.useItem.minecraft.gravel":17,"stat.mineBlock.minecraft.double_plant":6,"stat.pickup.minecraft.log":259,"stat.pickup.minecraft.compass":3,"stat.pickup.minecraft.iron_pickaxe":4,"stat.drop.minecraft.sapling":1,"stat.pickup.minecraft.chicken":1,"stat.pickup.minecraft.sapling":30,"stat.pickup.minecraft.apple":15,"stat.craftItem.minecraft.bucket":1,"stat.craftItem.minecraft.planks":1128,"stat.useItem.mutantbeasts.hulk_hammer":3,"stat.pickup.minecraft.stone_sword":7,"stat.craftItem.minecraft.fishing_rod":1,"stat.pickup.minecraft.book":42,"stat.mineBlock.minecraft.log":259,"stat.craftItem.minecraft.wooden_door":3,"stat.useItem.minecraft.wooden_door":2,"stat.pickup.minecraft.red_flower":2,"stat.pickup.mutantbeasts.mutant_skeleton_limb":1,"stat.sneakTime":57568,"stat.pickup.minecraft.wool":10,"stat.drop.minecraft.bucket":1,"stat.pickup.minecraft.stone_slab":59,"stat.useItem.minecraft.fishing_rod":14,"stat.pickup.minecraft.chest":3,"stat.drop.minecraft.stone_pickaxe":1,"stat.pickup.minecraft.bone":24,"stat.mineBlock.minecraft.cobblestone":170,"stat.pickup.minecraft.stone_pickaxe":8,"stat.pickup.minecraft.flint":10,"stat.swimOneCm":128497,"stat.drop.aquaculture.fish":1,"stat.climbOneCm":151062,"stat.useItem.minecraft.dirt":43,"stat.useItem.minecraft.stone_slab2":71,"stat.pickup.minecraft.bow":2,"stat.craftItem.minecraft.furnace":3,"stat.entityKilledBy.mutantbeasts.mutant_enderman":1,"stat.killEntity.artifacts.mimic":1,"stat.pickup.mutantbeasts.mutant_skeleton_leggings":3,"stat.craftItem.minecraft.stone_pickaxe":3,"stat.craftItem.minecraft.cooked_beef":1,"stat.pickup.minecraft.shears":4,"stat.pickup.minecraft.cobblestone":562,"stat.pickup.minecraft.record_chirp":1,"stat.pickup.mutantbeasts.mutant_skeleton_rib":2,"stat.flyOneCm":587231,"stat.pickup.minecraft.sandstone":10,"stat.pickup.minecraft.glass_bottle":2,"stat.craftItem.toughasnails.campfire":1,"stat.drop.minecraft.wheat_seeds":3,"stat.craftItem.minecraft.wooden_slab":468,"stat.useItem.minecraft.cooked_beef":1,"stat.mineBlock.minecraft.iron_ore":9,"stat.timeSinceDeath":0,"stat.useItem.minecraft.wooden_slab":420,"stat.pickup.cgm.basic_ammo":353,"stat.pickup.minecraft.wooden_axe":1,"stat.mineBlock.minecraft.coal_ore":53,"stat.talkedToVillager":1,"stat.pickup.minecraft.string":10,"stat.pickup.cgm.advanced_ammo":64,"stat.mineBlock.minecraft.ladder":1,"stat.entityKilledBy.Skeleton":7,"stat.craftItem.minecraft.stone_slab2":0,"stat.sprintOneCm":572080,"stat.pickup.minecraft.paper":4,"stat.mineBlock.minecraft.stone_slab":6,"stat.craftItem.minecraft.stick":392,"stat.craftItem.minecraft.wooden_axe":1,"stat.useItem.minecraft.stone_slab":194,"stat.craftItem.minecraft.gold_nugget":2,"stat.mineBlock.minecraft.crafting_table":9,"stat.pickup.mutantbeasts.mutant_skeleton_boots":1,"stat.entityKilledBy.Creeper":1,"stat.mineBlock.minecraft.planks":163,"stat.drop":67,"stat.entityKilledBy.mutantbeasts.mutant_creeper":1,"stat.useItem.minecraft.ladder":127,"stat.killEntity.Zombie":5,"stat.pickup.artifacts.bottled_cloud":2,"stat.diveOneCm":175718,"stat.craftItem.minecraft.ladder":141,"stat.drop.minecraft.wooden_pickaxe":3,"stat.pickup.minecraft.gravel":42,"stat.pickup.minecraft.stone_axe":9,"stat.pickup.aquaculture.iron_fishing_rod":6,"stat.useItem.minecraft.apple":2,"stat.jump":3350,"stat.pickup.minecraft.coal":107,"stat.pickup.minecraft.iron_ingot":16,"stat.useItem.minecraft.stone_axe":444,"stat.pickup.minecraft.gunpowder":7,"stat.craftItem.minecraft.torch":20,"stat.pickup.minecraft.dirt":258,"stat.pickup.minecraft.iron_ore":43,"stat.useItem.minecraft.sapling":11,"stat.pickup.minecraft.iron_axe":1,"stat.mineBlock.minecraft.leaves2":1,"stat.damageTaken":11077,"stat.pickup.minecraft.leather":2,"stat.mineBlock.minecraft.torch":8,"stat.mineBlock.minecraft.red_flower":1,"stat.mineBlock.minecraft.melon_block":1,"stat.useItem.minecraft.wooden_pickaxe":9,"stat.drop.minecraft.water_bucket":1,"stat.pickup.minecraft.log2":8,"stat.entityKilledBy.Zombie":5,"stat.damageDealt":1214,"stat.sleepInBed":24,"stat.killEntity.Cow":1,"stat.pickup.aquaculture.food":14,"stat.craftItem.minecraft.stone_slab":180,"stat.walkOneCm":695978,"stat.useItem.minecraft.chest":3,"stat.playerKills":7,"stat.pickup.minecraft.stick":97,"stat.pickup.cgm.handgun":8,"stat.useItem.minecraft.lava_bucket":1,"stat.pickup.cgm.rifle":2,"stat.useItem.minecraft.melon":6,"stat.pickup.minecraft.stone":27,"stat.drop.minecraft.wooden_slab":2,"stat.pickup.minecraft.ladder":142,"stat.pickup.minecraft.cooked_beef":1,"stat.pickup.minecraft.gold_ingot":1,"stat.pickup.mutantbeasts.hulk_hammer":3,"stat.killEntity.Skeleton":1,"stat.pickup.minecraft.record_mellohi":1,"stat.mobKills":13,"stat.craftItem.minecraft.shears":1,"stat.pickup.minecraft.quartz":1,"stat.pickup.minecraft.water_bucket":4,"stat.mineBlock.minecraft.leaves":18,"stat.pickup.minecraft.torch":103,"stat.mineBlock.minecraft.stone":56}