{"stat.pickup.minecraft.bone":3,"stat.pickup.minecraft.wooden_slab":67,"stat.leaveGame":2,"stat.pickup.minecraft.stone_pickaxe":3,"stat.pickup.gravestone.death_info":8,"stat.swimOneCm":22360,"stat.useItem.minecraft.planks":268,"stat.climbOneCm":33037,"stat.drop.minecraft.wooden_door":1,"stat.mineBlock.gravestone.gravestone":7,"stat.useItem.minecraft.dirt":36,"stat.useItem.minecraft.stone_slab2":33,"stat.useItem.minecraft.water_bucket":6,"stat.pickup.minecraft.rotten_flesh":5,"stat.craftItem.minecraft.furnace":2,"stat.entityKilledBy.mutantbeasts.mutant_enderman":1,"stat.craftItem.minecraft.stone_axe":3,"stat.craftItem.minecraft.stone_pickaxe":2,"stat.craftItem.minecraft.cooked_beef":1,"stat.pickup.minecraft.cobblestone":66,"stat.mineBlock.minecraft.wooden_slab":15,"stat.craftItem.minecraft.stone_sword":1,"stat.flyOneCm":262237,"stat.craftItem.minecraft.wooden_slab":468,"stat.mineBlock.minecraft.iron_ore":8,"stat.timeSinceDeath":17754,"stat.craftItem.minecraft.wooden_pickaxe":2,"stat.useItem.minecraft.wooden_slab":415,"stat.drop.gravestone.death_info":20,"stat.furnaceInteraction":12,"stat.mineBlock.minecraft.coal_ore":24,"stat.pickup.minecraft.string":5,"stat.pickup.cgm.advanced_ammo":64,"stat.pickup.toughasnails.campfire":1,"stat.pickup.minecraft.beef":1,"stat.entityKilledBy.Skeleton":5,"stat.craftItem.minecraft.stone_slab2":0,"stat.sprintOneCm":106114,"stat.craftItem.minecraft.stick":292,"stat.entityKilledBy.mutantbeasts.mutant_skeleton":1,"stat.mineBlock.minecraft.crafting_table":7,"stat.entityKilledBy.Creeper":1,"stat.deaths":12,"stat.mineBlock.minecraft.planks":10,"stat.drop":28,"stat.playOneMinute":92337,"stat.entityKilledBy.mutantbeasts.mutant_creeper":1,"stat.useItem.minecraft.ladder":98,"stat.mineBlock.minecraft.tallgrass":42,"stat.diveOneCm":41772,"stat.chestOpened":10,"stat.craftItem.minecraft.ladder":108,"stat.drop.minecraft.wooden_pickaxe":2,"stat.pickup.minecraft.arrow":8,"stat.pickup.minecraft.stone_axe":2,"stat.useItem.minecraft.apple":2,"stat.jump":1046,"stat.pickup.minecraft.coal":70,"stat.fallOneCm":25737,"stat.pickup.minecraft.iron_ingot":14,"stat.useItem.minecraft.stone_axe":200,"stat.pickup.minecraft.gunpowder":2,"stat.crouchOneCm":76496,"stat.craftItem.minecraft.iron_ingot":7,"stat.craftItem.minecraft.torch":8,"stat.craftItem.minecraft.chest":3,"stat.pickup.minecraft.dirt":149,"stat.craftingTableInteraction":27,"stat.pickup.minecraft.iron_ore":10,"stat.useItem.minecraft.sapling":3,"stat.mineBlock.minecraft.leaves2":1,"stat.mineBlock.minecraft.log2":6,"stat.damageTaken":3785,"stat.pickup.minecraft.leather":2,"stat.mineBlock.minecraft.torch":1,"stat.useItem.minecraft.wooden_pickaxe":6,"stat.pickup.minecraft.log2":8,"stat.pickup.minecraft.planks":234,"stat.pickup.minecraft.wheat_seeds":4,"stat.entityKilledBy.Zombie":1,"stat.useItem.minecraft.stone_pickaxe":68,"stat.useItem.minecraft.stone_sword":11,"stat.damageDealt":676,"stat.killEntity.Cow":1,"stat.mineBlock.minecraft.dirt":70,"stat.walkOneCm":187783,"stat.useItem.minecraft.torch":4,"stat.useItem.minecraft.chest":1,"stat.playerKills":1,"stat.pickup.minecraft.stick":18,"stat.drop.minecraft.rotten_flesh":1,"stat.pickup.minecraft.crafting_table":6,"stat.useItem.minecraft.cobblestone":7,"stat.craftItem.minecraft.crafting_table":5,"stat.mineBlock.minecraft.double_plant":4,"stat.pickup.cgm.handgun":1,"stat.pickup.minecraft.log":181,"stat.drop.minecraft.sapling":1,"stat.pickup.minecraft.sapling":5,"stat.drop.minecraft.wooden_slab":2,"stat.pickup.minecraft.apple":3,"stat.pickup.minecraft.ladder":41,"stat.craftItem.minecraft.bucket":1,"stat.craftItem.minecraft.planks":744,"stat.pickup.minecraft.stone_sword":2,"stat.craftItem.minecraft.fishing_rod":1,"stat.mobKills":2,"stat.mineBlock.minecraft.log":181,"stat.craftItem.minecraft.wooden_door":3,"stat.craftItem.minecraft.shears":1,"stat.useItem.minecraft.wooden_door":2,"stat.mineBlock.minecraft.leaves":8,"stat.pickup.minecraft.torch":1,"stat.sneakTime":24478,"stat.pickup.minecraft.wool":1,"stat.drop.minecraft.bucket":1,"stat.mineBlock.minecraft.stone":41,"stat.useItem.minecraft.fishing_rod":14}