{"stat.walkOneCm":13930,"stat.drop.gravestone.death_info":2,"stat.craftItem.minecraft.planks":32,"stat.drop.minecraft.wooden_pickaxe":1,"stat.leaveGame":1,"stat.craftItem.minecraft.stone_axe":1,"stat.mineBlock.minecraft.leaves2":1,"stat.mineBlock.minecraft.log2":4,"stat.pickup.minecraft.crafting_table":2,"stat.mineBlock.minecraft.crafting_table":2,"stat.useItem.minecraft.cobblestone":7,"stat.craftItem.minecraft.crafting_table":1,"stat.craftItem.minecraft.stone_pickaxe":1,"stat.useItem.minecraft.wooden_pickaxe":3,"stat.pickup.minecraft.cobblestone":31,"stat.mineBlock.minecraft.coal_ore":24,"stat.pickup.minecraft.log2":4,"stat.mineBlock.minecraft.log":4,"stat.pickup.gravestone.death_info":2,"stat.craftItem.minecraft.stone_sword":1,"stat.pickup.minecraft.log":4,"stat.flyOneCm":23861,"stat.drop":3,"stat.jump":95,"stat.swimOneCm":696,"stat.mineBlock.minecraft.leaves":3,"stat.playOneMinute":7722,"stat.pickup.minecraft.coal":24,"stat.fallOneCm":1316,"stat.useItem.minecraft.stone_pickaxe":60,"stat.sneakTime":1199,"stat.useItem.minecraft.stone_axe":9,"stat.crouchOneCm":2684,"stat.mineBlock.minecraft.iron_ore":8,"stat.mineBlock.gravestone.gravestone":1,"stat.timeSinceDeath":7722,"stat.sprintOneCm":15768,"stat.useItem.minecraft.stone_slab2":3,"stat.craftItem.minecraft.wooden_pickaxe":1,"stat.mineBlock.minecraft.stone":31,"stat.mineBlock.minecraft.tallgrass":4,"stat.diveOneCm":2746,"stat.craftItem.minecraft.stick":16,"stat.craftingTableInteraction":5,"stat.pickup.minecraft.iron_ore":8}