{"stat.walkOneCm":32631,"stat.pickup.minecraft.bone":2,"stat.drop.gravestone.death_info":13,"stat.pickup.minecraft.stick":18,"stat.drop.minecraft.wooden_pickaxe":1,"stat.leaveGame":1,"stat.pickup.minecraft.arrow":6,"stat.pickup.minecraft.crafting_table":2,"stat.useItem.minecraft.cobblestone":7,"stat.pickup.minecraft.stone_pickaxe":2,"stat.craftItem.minecraft.crafting_table":1,"stat.furnaceInteraction":8,"stat.pickup.minecraft.stone_axe":2,"stat.mineBlock.minecraft.coal_ore":24,"stat.pickup.gravestone.death_info":6,"stat.pickup.minecraft.log":29,"stat.swimOneCm":8325,"stat.jump":378,"stat.pickup.minecraft.coal":70,"stat.fallOneCm":5556,"stat.useItem.minecraft.planks":2,"stat.pickup.minecraft.iron_ingot":14,"stat.entityKilledBy.Skeleton":3,"stat.useItem.minecraft.stone_axe":35,"stat.craftItem.minecraft.stone_slab2":0,"stat.pickup.minecraft.gunpowder":1,"stat.crouchOneCm":5106,"stat.mineBlock.gravestone.gravestone":5,"stat.craftItem.minecraft.iron_ingot":7,"stat.pickup.minecraft.dirt":47,"stat.useItem.minecraft.dirt":2,"stat.sprintOneCm":44257,"stat.useItem.minecraft.stone_slab2":5,"stat.craftItem.minecraft.stick":16,"stat.craftingTableInteraction":6,"stat.pickup.minecraft.iron_ore":10,"stat.pickup.minecraft.rotten_flesh":2,"stat.craftItem.minecraft.furnace":1,"stat.entityKilledBy.mutantbeasts.mutant_skeleton":1,"stat.craftItem.minecraft.planks":32,"stat.craftItem.minecraft.stone_axe":1,"stat.mineBlock.minecraft.leaves2":1,"stat.mineBlock.minecraft.log2":6,"stat.mineBlock.minecraft.crafting_table":2,"stat.damageTaken":2068,"stat.pickup.minecraft.stone_sword":2,"stat.craftItem.minecraft.stone_pickaxe":1,"stat.useItem.minecraft.wooden_pickaxe":3,"stat.pickup.minecraft.cobblestone":54,"stat.mobKills":1,"stat.pickup.minecraft.log2":8,"stat.mineBlock.minecraft.log":29,"stat.entityKilledBy.Creeper":1,"stat.pickup.minecraft.planks":30,"stat.craftItem.minecraft.stone_sword":1,"stat.flyOneCm":155839,"stat.deaths":7,"stat.drop":14,"stat.pickup.minecraft.wheat_seeds":4,"stat.mineBlock.minecraft.leaves":3,"stat.playOneMinute":20322,"stat.entityKilledBy.Zombie":1,"stat.useItem.minecraft.stone_pickaxe":60,"stat.entityKilledBy.mutantbeasts.mutant_creeper":1,"stat.sneakTime":2405,"stat.useItem.minecraft.stone_sword":11,"stat.damageDealt":511,"stat.mineBlock.minecraft.iron_ore":8,"stat.timeSinceDeath":6513,"stat.mineBlock.minecraft.dirt":4,"stat.craftItem.minecraft.wooden_pickaxe":1,"stat.mineBlock.minecraft.stone":31,"stat.mineBlock.minecraft.tallgrass":10,"stat.diveOneCm":15270}