{"stat.pickup.minecraft.bone":3,"stat.pickup.minecraft.wooden_slab":4,"stat.leaveGame":2,"stat.pickup.minecraft.stone_pickaxe":2,"stat.pickup.gravestone.death_info":8,"stat.swimOneCm":21290,"stat.useItem.minecraft.planks":144,"stat.climbOneCm":17638,"stat.mineBlock.gravestone.gravestone":5,"stat.useItem.minecraft.dirt":2,"stat.useItem.minecraft.stone_slab2":23,"stat.useItem.minecraft.water_bucket":6,"stat.pickup.minecraft.rotten_flesh":5,"stat.craftItem.minecraft.furnace":2,"stat.entityKilledBy.mutantbeasts.mutant_enderman":1,"stat.craftItem.minecraft.stone_axe":2,"stat.craftItem.minecraft.stone_pickaxe":2,"stat.craftItem.minecraft.cooked_beef":1,"stat.pickup.minecraft.cobblestone":60,"stat.mineBlock.minecraft.wooden_slab":7,"stat.craftItem.minecraft.stone_sword":1,"stat.flyOneCm":239192,"stat.craftItem.minecraft.wooden_slab":222,"stat.mineBlock.minecraft.iron_ore":8,"stat.timeSinceDeath":28483,"stat.craftItem.minecraft.wooden_pickaxe":2,"stat.useItem.minecraft.wooden_slab":153,"stat.drop.gravestone.death_info":19,"stat.furnaceInteraction":12,"stat.mineBlock.minecraft.coal_ore":24,"stat.pickup.minecraft.string":4,"stat.pickup.cgm.advanced_ammo":64,"stat.pickup.toughasnails.campfire":1,"stat.pickup.minecraft.beef":1,"stat.entityKilledBy.Skeleton":5,"stat.craftItem.minecraft.stone_slab2":0,"stat.sprintOneCm":89332,"stat.craftItem.minecraft.stick":276,"stat.entityKilledBy.mutantbeasts.mutant_skeleton":1,"stat.mineBlock.minecraft.crafting_table":6,"stat.entityKilledBy.Creeper":1,"stat.deaths":11,"stat.mineBlock.minecraft.planks":6,"stat.drop":26,"stat.playOneMinute":68037,"stat.entityKilledBy.mutantbeasts.mutant_creeper":1,"stat.useItem.minecraft.ladder":59,"stat.mineBlock.minecraft.tallgrass":41,"stat.diveOneCm":39137,"stat.chestOpened":8,"stat.craftItem.minecraft.ladder":108,"stat.drop.minecraft.wooden_pickaxe":2,"stat.pickup.minecraft.arrow":8,"stat.pickup.minecraft.stone_axe":2,"stat.useItem.minecraft.apple":1,"stat.jump":881,"stat.pickup.minecraft.coal":70,"stat.fallOneCm":20253,"stat.pickup.minecraft.iron_ingot":14,"stat.useItem.minecraft.stone_axe":198,"stat.pickup.minecraft.gunpowder":1,"stat.crouchOneCm":50646,"stat.craftItem.minecraft.iron_ingot":7,"stat.craftItem.minecraft.torch":8,"stat.craftItem.minecraft.chest":3,"stat.pickup.minecraft.dirt":75,"stat.craftingTableInteraction":21,"stat.pickup.minecraft.iron_ore":10,"stat.mineBlock.minecraft.leaves2":1,"stat.mineBlock.minecraft.log2":6,"stat.damageTaken":3542,"stat.pickup.minecraft.leather":2,"stat.mineBlock.minecraft.torch":1,"stat.useItem.minecraft.wooden_pickaxe":6,"stat.pickup.minecraft.log2":8,"stat.pickup.minecraft.planks":36,"stat.pickup.minecraft.wheat_seeds":4,"stat.entityKilledBy.Zombie":1,"stat.useItem.minecraft.stone_pickaxe":63,"stat.useItem.minecraft.stone_sword":11,"stat.damageDealt":646,"stat.killEntity.Cow":1,"stat.mineBlock.minecraft.dirt":26,"stat.walkOneCm":136845,"stat.useItem.minecraft.torch":4,"stat.useItem.minecraft.chest":1,"stat.pickup.minecraft.stick":18,"stat.drop.minecraft.rotten_flesh":1,"stat.pickup.minecraft.crafting_table":5,"stat.useItem.minecraft.cobblestone":7,"stat.craftItem.minecraft.crafting_table":4,"stat.mineBlock.minecraft.double_plant":4,"stat.pickup.cgm.handgun":1,"stat.pickup.minecraft.log":178,"stat.drop.minecraft.sapling":1,"stat.pickup.minecraft.sapling":5,"stat.drop.minecraft.wooden_slab":2,"stat.pickup.minecraft.apple":2,"stat.craftItem.minecraft.bucket":1,"stat.craftItem.minecraft.planks":736,"stat.pickup.minecraft.stone_sword":2,"stat.craftItem.minecraft.fishing_rod":1,"stat.mobKills":2,"stat.mineBlock.minecraft.log":178,"stat.craftItem.minecraft.shears":1,"stat.mineBlock.minecraft.leaves":8,"stat.pickup.minecraft.torch":1,"stat.sneakTime":16136,"stat.pickup.minecraft.wool":1,"stat.drop.minecraft.bucket":1,"stat.mineBlock.minecraft.stone":37,"stat.useItem.minecraft.fishing_rod":14}