{"stat.chestOpened":7,"stat.pickup.minecraft.bone":7,"stat.pickup.minecraft.gravel":27,"stat.leaveGame":5,"stat.pickup.minecraft.arrow":19,"stat.pickup.minecraft.stone_pickaxe":4,"stat.pickup.minecraft.flint":3,"stat.pickup.minecraft.stone_axe":4,"stat.pickup.gravestone.death_info":13,"stat.jump":532,"stat.swimOneCm":3849,"stat.pickup.minecraft.coal":31,"stat.fallOneCm":48708,"stat.climbOneCm":50335,"stat.useItem.minecraft.planks":29,"stat.useItem.minecraft.stone_axe":46,"stat.pickup.minecraft.gunpowder":29,"stat.crouchOneCm":3013,"stat.mineBlock.gravestone.gravestone":2,"stat.craftItem.minecraft.torch":8,"stat.pickup.minecraft.dirt":14,"stat.useItem.minecraft.stone_slab2":3,"stat.craftingTableInteraction":3,"stat.pickup.minecraft.rotten_flesh":18,"stat.craftItem.minecraft.stone_axe":1,"stat.mineBlock.minecraft.log2":5,"stat.damageTaken":2923,"stat.craftItem.minecraft.stone_pickaxe":1,"stat.useItem.minecraft.wooden_pickaxe":9,"stat.pickup.minecraft.cobblestone":14,"stat.pickup.minecraft.log2":5,"stat.pickup.minecraft.planks":123,"stat.craftItem.minecraft.stone_sword":1,"stat.flyOneCm":82530,"stat.pickup.minecraft.wheat_seeds":2,"stat.killEntity.Witch":2,"stat.entityKilledBy.Zombie":2,"stat.drop.minecraft.wheat_seeds":1,"stat.mineBlock.minecraft.gravel":3,"stat.useItem.minecraft.stone_pickaxe":37,"stat.sleepInBed":3,"stat.timeSinceDeath":83,"stat.mineBlock.minecraft.dirt":14,"stat.craftItem.minecraft.wooden_pickaxe":1,"stat.walkOneCm":103391,"stat.useItem.minecraft.torch":9,"stat.playerKills":1,"stat.drop.gravestone.death_info":5,"stat.pickup.cgm.basic_ammo":211,"stat.pickup.minecraft.crafting_table":1,"stat.craftItem.minecraft.crafting_table":1,"stat.pickup.cgm.handgun":5,"stat.killEntity.ZombieVillager":1,"stat.mineBlock.minecraft.coal_ore":31,"stat.killEntity.Creeper":2,"stat.pickup.minecraft.log":44,"stat.pickup.minecraft.string":8,"stat.useItem.minecraft.cooked_mutton":1,"stat.entityKilledBy.Skeleton":2,"stat.pickup.minecraft.sapling":3,"stat.sprintOneCm":102972,"stat.craftItem.minecraft.stick":12,"stat.craftItem.minecraft.planks":128,"stat.mineBlock.minecraft.crafting_table":1,"stat.mobKills":7,"stat.mineBlock.minecraft.log":31,"stat.deaths":9,"stat.drop":7,"stat.mineBlock.minecraft.leaves":13,"stat.playOneMinute":51281,"stat.pickup.minecraft.torch":7,"stat.sneakTime":3537,"stat.killEntity.Zombie":2,"stat.drop.minecraft.arrow":5,"stat.mineBlock.minecraft.stone":12,"stat.mineBlock.minecraft.tallgrass":5,"stat.diveOneCm":5992,"stat.pickup.minecraft.cooked_mutton":11}