{"stat.craftItem.minecraft.furnace":1,"stat.walkOneCm":9827,"stat.craftItem.minecraft.planks":36,"stat.leaveGame":2,"stat.craftItem.minecraft.stone_axe":1,"stat.pickup.minecraft.crafting_table":2,"stat.craftItem.minecraft.cooked_porkchop":12,"stat.mineBlock.minecraft.crafting_table":2,"stat.damageTaken":10,"stat.craftItem.minecraft.crafting_table":2,"stat.furnaceInteraction":9,"stat.craftItem.minecraft.stone_pickaxe":1,"stat.useItem.minecraft.wooden_pickaxe":6,"stat.useItem.minecraft.cooked_porkchop":1,"stat.pickup.minecraft.cobblestone":14,"stat.mobKills":7,"stat.mineBlock.minecraft.log":9,"stat.pickup.minecraft.log":9,"stat.flyOneCm":34041,"stat.deaths":1,"stat.jump":163,"stat.playOneMinute":9999,"stat.fallOneCm":3880,"stat.climbOneCm":98,"stat.useItem.minecraft.stone_pickaxe":8,"stat.sneakTime":18,"stat.useItem.minecraft.stone_axe":14,"stat.craftItem.minecraft.stone_slab2":0,"stat.damageDealt":720,"stat.pickup.minecraft.porkchop":14,"stat.crouchOneCm":133,"stat.timeSinceDeath":619,"stat.useItem.minecraft.wooden_axe":1,"stat.sprintOneCm":19298,"stat.useItem.minecraft.stone_slab2":5,"stat.craftItem.minecraft.wooden_pickaxe":1,"stat.mineBlock.minecraft.stone":14,"stat.killEntity.Pig":7,"stat.craftItem.minecraft.stick":8,"stat.craftItem.minecraft.wooden_axe":1,"stat.craftingTableInteraction":30}