{"stat.chestOpened":7,"stat.pickup.minecraft.bone":5,"stat.pickup.minecraft.gravel":26,"stat.leaveGame":4,"stat.pickup.minecraft.arrow":18,"stat.pickup.minecraft.stone_pickaxe":4,"stat.pickup.minecraft.flint":3,"stat.pickup.minecraft.stone_axe":4,"stat.pickup.gravestone.death_info":13,"stat.jump":395,"stat.swimOneCm":2150,"stat.pickup.minecraft.coal":2,"stat.fallOneCm":42346,"stat.climbOneCm":48125,"stat.useItem.minecraft.planks":29,"stat.useItem.minecraft.stone_axe":46,"stat.pickup.minecraft.gunpowder":27,"stat.crouchOneCm":2965,"stat.mineBlock.gravestone.gravestone":2,"stat.craftItem.minecraft.torch":8,"stat.pickup.minecraft.dirt":13,"stat.useItem.minecraft.stone_slab2":2,"stat.craftingTableInteraction":3,"stat.pickup.minecraft.rotten_flesh":13,"stat.craftItem.minecraft.stone_axe":1,"stat.mineBlock.minecraft.log2":5,"stat.damageTaken":2247,"stat.craftItem.minecraft.stone_pickaxe":1,"stat.useItem.minecraft.wooden_pickaxe":9,"stat.pickup.minecraft.cobblestone":10,"stat.pickup.minecraft.log2":5,"stat.pickup.minecraft.planks":123,"stat.craftItem.minecraft.stone_sword":1,"stat.flyOneCm":66632,"stat.pickup.minecraft.wheat_seeds":2,"stat.killEntity.Witch":2,"stat.entityKilledBy.Zombie":2,"stat.drop.minecraft.wheat_seeds":1,"stat.mineBlock.minecraft.gravel":2,"stat.useItem.minecraft.stone_pickaxe":2,"stat.sleepInBed":2,"stat.timeSinceDeath":1685,"stat.mineBlock.minecraft.dirt":13,"stat.craftItem.minecraft.wooden_pickaxe":1,"stat.walkOneCm":82270,"stat.useItem.minecraft.torch":9,"stat.playerKills":1,"stat.drop.gravestone.death_info":4,"stat.pickup.cgm.basic_ammo":211,"stat.pickup.minecraft.crafting_table":1,"stat.craftItem.minecraft.crafting_table":1,"stat.pickup.cgm.handgun":5,"stat.killEntity.ZombieVillager":1,"stat.mineBlock.minecraft.coal_ore":2,"stat.killEntity.Creeper":2,"stat.pickup.minecraft.log":44,"stat.pickup.minecraft.string":8,"stat.useItem.minecraft.cooked_mutton":1,"stat.entityKilledBy.Skeleton":1,"stat.pickup.minecraft.sapling":3,"stat.sprintOneCm":88590,"stat.craftItem.minecraft.stick":12,"stat.craftItem.minecraft.planks":128,"stat.mineBlock.minecraft.crafting_table":1,"stat.mobKills":7,"stat.mineBlock.minecraft.log":31,"stat.deaths":7,"stat.drop":6,"stat.mineBlock.minecraft.leaves":13,"stat.playOneMinute":44421,"stat.pickup.minecraft.torch":7,"stat.sneakTime":3489,"stat.killEntity.Zombie":2,"stat.drop.minecraft.arrow":5,"stat.mineBlock.minecraft.stone":8,"stat.mineBlock.minecraft.tallgrass":5,"stat.diveOneCm":4316,"stat.pickup.minecraft.cooked_mutton":11}