{"stat.chestOpened":7,"stat.pickup.minecraft.bone":4,"stat.pickup.minecraft.gravel":18,"stat.leaveGame":4,"stat.pickup.minecraft.arrow":3,"stat.pickup.minecraft.stone_pickaxe":3,"stat.pickup.minecraft.flint":3,"stat.pickup.minecraft.stone_axe":3,"stat.pickup.gravestone.death_info":9,"stat.jump":235,"stat.swimOneCm":1862,"stat.pickup.minecraft.coal":2,"stat.fallOneCm":26922,"stat.climbOneCm":26126,"stat.useItem.minecraft.planks":13,"stat.useItem.minecraft.stone_axe":30,"stat.pickup.minecraft.gunpowder":16,"stat.crouchOneCm":2505,"stat.mineBlock.gravestone.gravestone":1,"stat.craftItem.minecraft.torch":8,"stat.pickup.minecraft.dirt":12,"stat.useItem.minecraft.stone_slab2":2,"stat.craftingTableInteraction":3,"stat.pickup.minecraft.rotten_flesh":13,"stat.craftItem.minecraft.stone_axe":1,"stat.mineBlock.minecraft.log2":5,"stat.damageTaken":1917,"stat.craftItem.minecraft.stone_pickaxe":1,"stat.useItem.minecraft.wooden_pickaxe":9,"stat.pickup.minecraft.cobblestone":9,"stat.pickup.minecraft.log2":5,"stat.pickup.minecraft.planks":44,"stat.craftItem.minecraft.stone_sword":1,"stat.flyOneCm":37946,"stat.pickup.minecraft.wheat_seeds":2,"stat.entityKilledBy.Zombie":2,"stat.useItem.minecraft.stone_pickaxe":2,"stat.sleepInBed":1,"stat.timeSinceDeath":3802,"stat.mineBlock.minecraft.dirt":12,"stat.craftItem.minecraft.wooden_pickaxe":1,"stat.walkOneCm":65423,"stat.useItem.minecraft.torch":9,"stat.playerKills":1,"stat.drop.gravestone.death_info":3,"stat.pickup.cgm.basic_ammo":208,"stat.pickup.minecraft.crafting_table":1,"stat.craftItem.minecraft.crafting_table":1,"stat.pickup.cgm.handgun":4,"stat.killEntity.ZombieVillager":1,"stat.mineBlock.minecraft.coal_ore":2,"stat.pickup.minecraft.log":30,"stat.pickup.minecraft.string":4,"stat.entityKilledBy.Skeleton":1,"stat.pickup.minecraft.sapling":3,"stat.sprintOneCm":55534,"stat.craftItem.minecraft.stick":12,"stat.craftItem.minecraft.planks":72,"stat.mineBlock.minecraft.crafting_table":1,"stat.mobKills":3,"stat.mineBlock.minecraft.log":17,"stat.deaths":6,"stat.drop":3,"stat.mineBlock.minecraft.leaves":12,"stat.playOneMinute":32721,"stat.pickup.minecraft.torch":7,"stat.sneakTime":2099,"stat.killEntity.Zombie":2,"stat.mineBlock.minecraft.stone":8,"stat.mineBlock.minecraft.tallgrass":4,"stat.diveOneCm":4316,"stat.pickup.minecraft.cooked_mutton":6}