{"stat.walkOneCm":27643,"stat.useItem.minecraft.torch":9,"stat.craftItem.minecraft.planks":20,"stat.pickup.cgm.basic_ammo":64,"stat.craftItem.minecraft.stone_axe":1,"stat.mineBlock.minecraft.log2":5,"stat.pickup.minecraft.crafting_table":1,"stat.mineBlock.minecraft.crafting_table":1,"stat.damageTaken":340,"stat.craftItem.minecraft.crafting_table":1,"stat.craftItem.minecraft.stone_pickaxe":1,"stat.useItem.minecraft.wooden_pickaxe":9,"stat.pickup.cgm.handgun":1,"stat.pickup.minecraft.cobblestone":8,"stat.mineBlock.minecraft.coal_ore":2,"stat.pickup.minecraft.log2":5,"stat.mineBlock.minecraft.log":4,"stat.craftItem.minecraft.stone_sword":1,"stat.pickup.minecraft.log":4,"stat.flyOneCm":23764,"stat.deaths":1,"stat.jump":131,"stat.swimOneCm":1862,"stat.playOneMinute":14716,"stat.pickup.minecraft.coal":2,"stat.fallOneCm":6261,"stat.climbOneCm":12876,"stat.pickup.minecraft.torch":7,"stat.useItem.minecraft.stone_pickaxe":2,"stat.sneakTime":771,"stat.useItem.minecraft.stone_axe":5,"stat.crouchOneCm":1340,"stat.sleepInBed":1,"stat.timeSinceDeath":176,"stat.craftItem.minecraft.torch":8,"stat.pickup.minecraft.sapling":2,"stat.pickup.minecraft.dirt":12,"stat.mineBlock.minecraft.dirt":12,"stat.sprintOneCm":30053,"stat.useItem.minecraft.stone_slab2":1,"stat.craftItem.minecraft.wooden_pickaxe":1,"stat.mineBlock.minecraft.stone":8,"stat.mineBlock.minecraft.tallgrass":3,"stat.diveOneCm":4316,"stat.craftItem.minecraft.stick":12,"stat.craftingTableInteraction":3}