{"stat.pickup.minecraft.bone":4,"stat.pickup.minecraft.gravel":6,"stat.leaveGame":3,"stat.pickup.minecraft.arrow":3,"stat.pickup.minecraft.stone_pickaxe":1,"stat.pickup.minecraft.flint":3,"stat.pickup.minecraft.stone_axe":1,"stat.jump":167,"stat.swimOneCm":1862,"stat.pickup.minecraft.coal":2,"stat.fallOneCm":16679,"stat.climbOneCm":13718,"stat.useItem.minecraft.stone_axe":30,"stat.pickup.minecraft.gunpowder":2,"stat.crouchOneCm":1340,"stat.craftItem.minecraft.torch":8,"stat.pickup.minecraft.dirt":12,"stat.useItem.minecraft.stone_slab2":1,"stat.craftingTableInteraction":3,"stat.pickup.minecraft.rotten_flesh":3,"stat.craftItem.minecraft.stone_axe":1,"stat.mineBlock.minecraft.log2":5,"stat.damageTaken":1527,"stat.craftItem.minecraft.stone_pickaxe":1,"stat.useItem.minecraft.wooden_pickaxe":9,"stat.pickup.minecraft.cobblestone":8,"stat.pickup.minecraft.log2":5,"stat.craftItem.minecraft.stone_sword":1,"stat.flyOneCm":29616,"stat.entityKilledBy.Zombie":2,"stat.useItem.minecraft.stone_pickaxe":2,"stat.sleepInBed":1,"stat.timeSinceDeath":0,"stat.mineBlock.minecraft.dirt":12,"stat.craftItem.minecraft.wooden_pickaxe":1,"stat.walkOneCm":44422,"stat.useItem.minecraft.torch":9,"stat.pickup.cgm.basic_ammo":112,"stat.pickup.minecraft.crafting_table":1,"stat.craftItem.minecraft.crafting_table":1,"stat.pickup.cgm.handgun":2,"stat.mineBlock.minecraft.coal_ore":2,"stat.pickup.minecraft.log":17,"stat.entityKilledBy.Skeleton":1,"stat.pickup.minecraft.sapling":2,"stat.sprintOneCm":36575,"stat.craftItem.minecraft.stick":12,"stat.craftItem.minecraft.planks":20,"stat.mineBlock.minecraft.crafting_table":1,"stat.mineBlock.minecraft.log":17,"stat.deaths":5,"stat.mineBlock.minecraft.leaves":12,"stat.playOneMinute":23452,"stat.pickup.minecraft.torch":7,"stat.sneakTime":790,"stat.mineBlock.minecraft.stone":8,"stat.mineBlock.minecraft.tallgrass":3,"stat.diveOneCm":4316}