{"stat.walkOneCm":17160,"stat.pickup.minecraft.bone":6,"stat.leaveGame":5,"stat.pickup.minecraft.arrow":12,"stat.pickup.gravestone.death_info":1,"stat.pickup.minecraft.string":1,"stat.jump":99,"stat.swimOneCm":6342,"stat.fallOneCm":2021,"stat.pickup.minecraft.beef":5,"stat.pickup.minecraft.stone":2,"stat.pickup.minecraft.gunpowder":2,"stat.pickup.minecraft.porkchop":6,"stat.crouchOneCm":564,"stat.pickup.minecraft.dirt":13,"stat.sprintOneCm":6236,"stat.entityKilledBy.Enderman":1,"stat.pickup.minecraft.rotten_flesh":10,"stat.mineBlock.minecraft.log2":1,"stat.damageTaken":1281,"stat.flyOneCm":13117,"stat.deaths":3,"stat.pickup.minecraft.wheat_seeds":1,"stat.playOneMinute":9579,"stat.entityKilledBy.Zombie":2,"stat.sneakTime":178,"stat.damageDealt":14,"stat.timeSinceDeath":6051,"stat.mineBlock.minecraft.tallgrass":6,"stat.diveOneCm":13062}