{"stat.chestOpened":14,"stat.pickup.minecraft.bone":8,"stat.leaveGame":6,"stat.pickup.minecraft.gravel":6,"stat.pickup.minecraft.arrow":13,"stat.mineBlock.minecraft.cobblestone":6,"stat.pickup.gravestone.death_info":8,"stat.jump":403,"stat.swimOneCm":18219,"stat.pickup.minecraft.coal":27,"stat.fallOneCm":49232,"stat.pickup.minecraft.gunpowder":3,"stat.pickup.minecraft.porkchop":6,"stat.crouchOneCm":7833,"stat.mineBlock.gravestone.gravestone":2,"stat.craftItem.minecraft.torch":16,"stat.pickup.minecraft.dirt":46,"stat.useItem.minecraft.dirt":5,"stat.useItem.minecraft.stone_slab2":4,"stat.craftingTableInteraction":2,"stat.pickup.minecraft.iron_ore":21,"stat.pickup.minecraft.rotten_flesh":10,"stat.mineBlock.minecraft.log2":1,"stat.damageTaken":4647,"stat.craftItem.minecraft.stone_pickaxe":1,"stat.useItem.minecraft.wooden_pickaxe":11,"stat.pickup.minecraft.cobblestone":45,"stat.flyOneCm":68227,"stat.pickup.minecraft.wheat_seeds":4,"stat.entityKilledBy.Zombie":3,"stat.useItem.minecraft.stone_pickaxe":81,"stat.damageDealt":14,"stat.mineBlock.minecraft.iron_ore":21,"stat.sleepInBed":2,"stat.timeSinceDeath":5105,"stat.mineBlock.minecraft.dirt":9,"stat.craftItem.minecraft.wooden_pickaxe":1,"stat.walkOneCm":75071,"stat.useItem.minecraft.torch":2,"stat.playerKills":1,"stat.drop.gravestone.death_info":5,"stat.useItem.minecraft.cobblestone":6,"stat.craftItem.minecraft.crafting_table":1,"stat.mineBlock.minecraft.coal_ore":27,"stat.pickup.minecraft.string":3,"stat.pickup.minecraft.log":16,"stat.pickup.minecraft.beef":5,"stat.entityKilledBy.Skeleton":2,"stat.pickup.minecraft.stone":2,"stat.pickup.minecraft.sapling":1,"stat.sprintOneCm":42503,"stat.entityKilledBy.Enderman":1,"stat.craftItem.minecraft.stick":8,"stat.entityKilledBy.mutantbeasts.mutant_skeleton":3,"stat.craftItem.minecraft.planks":32,"stat.mineBlock.minecraft.log":8,"stat.entityKilledBy.Creeper":1,"stat.useItem.minecraft.beef":1,"stat.deaths":14,"stat.drop":5,"stat.playOneMinute":34469,"stat.pickup.minecraft.torch":1,"stat.sneakTime":2598,"stat.mineBlock.minecraft.stone":38,"stat.mineBlock.minecraft.tallgrass":16,"stat.diveOneCm":22618}