{"stat.walkOneCm":40335,"stat.pickup.minecraft.bone":6,"stat.useItem.minecraft.torch":2,"stat.drop.gravestone.death_info":1,"stat.leaveGame":5,"stat.pickup.minecraft.arrow":12,"stat.mineBlock.minecraft.cobblestone":6,"stat.useItem.minecraft.cobblestone":6,"stat.craftItem.minecraft.crafting_table":1,"stat.mineBlock.minecraft.coal_ore":27,"stat.pickup.gravestone.death_info":2,"stat.pickup.minecraft.string":3,"stat.pickup.minecraft.log":16,"stat.jump":259,"stat.swimOneCm":16031,"stat.pickup.minecraft.coal":27,"stat.fallOneCm":5792,"stat.pickup.minecraft.beef":5,"stat.entityKilledBy.Skeleton":2,"stat.pickup.minecraft.stone":2,"stat.pickup.minecraft.gunpowder":2,"stat.pickup.minecraft.porkchop":6,"stat.crouchOneCm":4481,"stat.craftItem.minecraft.torch":16,"stat.pickup.minecraft.sapling":1,"stat.pickup.minecraft.dirt":30,"stat.sprintOneCm":23727,"stat.entityKilledBy.Enderman":1,"stat.useItem.minecraft.stone_slab2":2,"stat.craftItem.minecraft.stick":8,"stat.craftingTableInteraction":2,"stat.pickup.minecraft.iron_ore":21,"stat.pickup.minecraft.rotten_flesh":10,"stat.entityKilledBy.mutantbeasts.mutant_skeleton":3,"stat.craftItem.minecraft.planks":32,"stat.mineBlock.minecraft.log2":1,"stat.damageTaken":3479,"stat.craftItem.minecraft.stone_pickaxe":1,"stat.useItem.minecraft.wooden_pickaxe":11,"stat.pickup.minecraft.cobblestone":45,"stat.mineBlock.minecraft.log":8,"stat.entityKilledBy.Creeper":1,"stat.useItem.minecraft.beef":1,"stat.flyOneCm":40397,"stat.deaths":10,"stat.pickup.minecraft.wheat_seeds":2,"stat.drop":1,"stat.playOneMinute":22179,"stat.entityKilledBy.Zombie":2,"stat.useItem.minecraft.stone_pickaxe":81,"stat.sneakTime":1885,"stat.damageDealt":14,"stat.mineBlock.minecraft.iron_ore":21,"stat.timeSinceDeath":424,"stat.mineBlock.minecraft.dirt":9,"stat.craftItem.minecraft.wooden_pickaxe":1,"stat.mineBlock.minecraft.stone":38,"stat.mineBlock.minecraft.tallgrass":16,"stat.diveOneCm":18496}