{"stat.walkOneCm":69172,"stat.pickup.minecraft.bone":2,"stat.pickup.minecraft.wooden_axe":1,"stat.leaveGame":2,"stat.pickup.minecraft.crafting_table":2,"stat.pickup.minecraft.stone_pickaxe":1,"stat.pickup.minecraft.stone_axe":1,"stat.furnaceInteraction":15,"stat.mineBlock.minecraft.double_plant":1,"stat.pickup.gravestone.death_info":1,"stat.pickup.minecraft.log":31,"stat.swimOneCm":7921,"stat.jump":285,"stat.climbOneCm":33,"stat.fallOneCm":2455,"stat.useItem.minecraft.planks":6,"stat.pickup.minecraft.beef":18,"stat.pickup.minecraft.furnace":2,"stat.craftItem.minecraft.stone_slab2":0,"stat.useItem.minecraft.stone_axe":20,"stat.pickup.minecraft.stone":9,"stat.crouchOneCm":1291,"stat.pickup.minecraft.sapling":1,"stat.pickup.minecraft.dirt":9,"stat.useItem.minecraft.dirt":3,"stat.sprintOneCm":37648,"stat.useItem.minecraft.stone_slab2":8,"stat.pickup.minecraft.cooked_beef":3,"stat.craftItem.minecraft.stick":4,"stat.craftingTableInteraction":2,"stat.pickup.minecraft.rotten_flesh":1,"stat.craftItem.minecraft.furnace":1,"stat.craftItem.minecraft.planks":80,"stat.craftItem.minecraft.stone":11,"stat.damageTaken":433,"stat.mineBlock.minecraft.crafting_table":2,"stat.pickup.minecraft.leather":6,"stat.drop.minecraft.bone":2,"stat.mineBlock.minecraft.furnace":2,"stat.useItem.minecraft.wooden_pickaxe":27,"stat.craftItem.minecraft.cooked_beef":11,"stat.mobKills":15,"stat.pickup.minecraft.cobblestone":34,"stat.mineBlock.minecraft.log":19,"stat.pickup.minecraft.planks":48,"stat.flyOneCm":37258,"stat.deaths":1,"stat.mineBlock.minecraft.planks":4,"stat.pickup.minecraft.wheat_seeds":3,"stat.drop":5,"stat.mineBlock.minecraft.leaves":8,"stat.playOneMinute":43227,"stat.entityKilledBy.Zombie":1,"stat.drop.minecraft.wheat_seeds":3,"stat.killEntity.Sheep":1,"stat.useItem.minecraft.stone_pickaxe":13,"stat.useItem.minecraft.cooked_beef":1,"stat.sneakTime":653,"stat.pickup.minecraft.wool":1,"stat.damageDealt":1460,"stat.killEntity.Zombie":2,"stat.timeSinceDeath":25768,"stat.useItem.minecraft.wooden_axe":48,"stat.killEntity.Cow":7,"stat.mineBlock.minecraft.dirt":6,"stat.craftItem.minecraft.wooden_pickaxe":1,"stat.mineBlock.minecraft.stone":31,"stat.mineBlock.minecraft.tallgrass":47,"stat.craftItem.minecraft.cooked_mutton":2,"stat.diveOneCm":5297,"stat.pickup.minecraft.mutton":2}