{"stat.walkOneCm":15766,"stat.craftItem.minecraft.planks":28,"stat.leaveGame":1,"stat.craftItem.minecraft.stone_axe":1,"stat.useItem.minecraft.log":2,"stat.pickup.minecraft.crafting_table":1,"stat.mineBlock.minecraft.crafting_table":1,"stat.damageTaken":60,"stat.craftItem.minecraft.crafting_table":1,"stat.useItem.minecraft.wooden_pickaxe":17,"stat.pickup.minecraft.cobblestone":12,"stat.mobKills":1,"stat.mineBlock.minecraft.log":11,"stat.pickup.minecraft.log":11,"stat.flyOneCm":3075,"stat.pickup.minecraft.wheat_seeds":1,"stat.jump":95,"stat.mineBlock.minecraft.leaves":3,"stat.playOneMinute":28823,"stat.fallOneCm":1732,"stat.sneakTime":208,"stat.useItem.minecraft.stone_axe":10,"stat.damageDealt":300,"stat.killEntity.bound_soul":1,"stat.crouchOneCm":453,"stat.timeSinceDeath":28823,"stat.pickup.minecraft.sapling":1,"stat.pickup.minecraft.dirt":16,"stat.useItem.minecraft.dirt":8,"stat.sprintOneCm":2911,"stat.mineBlock.minecraft.dirt":16,"stat.useItem.minecraft.stone_slab2":3,"stat.craftItem.minecraft.wooden_pickaxe":1,"stat.mineBlock.minecraft.stone":12,"stat.craftItem.minecraft.stick":4,"stat.craftingTableInteraction":2}