{"stat.pickup.minecraft.bone":15,"stat.pickup.minecraft.wooden_slab":33,"stat.leaveGame":5,"stat.mineBlock.minecraft.pumpkin":9,"stat.drop.minecraft.gunpowder":1,"stat.pickup.minecraft.stone_pickaxe":4,"stat.killEntity.mutantbeasts.mutant_skeleton":1,"stat.pickup.gravestone.death_info":25,"stat.swimOneCm":46110,"stat.climbOneCm":431,"stat.useItem.minecraft.planks":53,"stat.pickup.minecraft.glowstone_dust":1,"stat.mineBlock.gravestone.gravestone":4,"stat.entityKilledBy.mutantbeasts.mutant_zombie":2,"stat.useItem.minecraft.dirt":31,"stat.useItem.minecraft.stone_slab2":147,"stat.useItem.minecraft.water_bucket":19,"stat.pickup.minecraft.rotten_flesh":36,"stat.craftItem.minecraft.furnace":1,"stat.entityKilledBy.Spider":1,"stat.pickup.minecraft.bucket":1,"stat.craftItem.minecraft.cooked_beef":11,"stat.pickup.minecraft.cobblestone":107,"stat.mineBlock.minecraft.wooden_slab":4,"stat.flyOneCm":257235,"stat.drop.minecraft.wheat_seeds":3,"stat.craftItem.toughasnails.campfire":3,"stat.useItem.minecraft.cooked_beef":1,"stat.craftItem.minecraft.wooden_slab":108,"stat.timeSinceDeath":15467,"stat.craftItem.minecraft.wooden_pickaxe":1,"stat.useItem.minecraft.wooden_slab":141,"stat.pickup.minecraft.mutton":2,"stat.drop.gravestone.death_info":3,"stat.pickup.cgm.basic_ammo":62,"stat.pickup.minecraft.wooden_axe":3,"stat.furnaceInteraction":26,"stat.mineBlock.minecraft.coal_ore":7,"stat.pickup.minecraft.string":12,"stat.pickup.toughasnails.campfire":1,"stat.pickup.minecraft.beef":18,"stat.pickup.minecraft.furnace":3,"stat.entityKilledBy.Skeleton":4,"stat.craftItem.minecraft.stone_slab2":0,"stat.sprintOneCm":137888,"stat.craftItem.minecraft.stick":140,"stat.craftItem.minecraft.stone":14,"stat.mineBlock.minecraft.crafting_table":2,"stat.deaths":15,"stat.mineBlock.minecraft.planks":9,"stat.drop":16,"stat.playOneMinute":126464,"stat.drop.minecraft.string":2,"stat.killEntity.Sheep":1,"stat.entityKilledBy.mutantbeasts.mutant_creeper":1,"stat.killEntity.Zombie":3,"stat.mineBlock.minecraft.tallgrass":71,"stat.craftItem.minecraft.cooked_mutton":2,"stat.craftItem.forge.bucketfilled":1,"stat.diveOneCm":77019,"stat.chestOpened":17,"stat.pickup.minecraft.pumpkin":9,"stat.pickup.minecraft.arrow":6,"stat.pickup.minecraft.stone_axe":5,"stat.useItem.minecraft.rotten_flesh":4,"stat.jump":1227,"stat.pickup.minecraft.coal":21,"stat.fallOneCm":16189,"stat.useItem.minecraft.stone_axe":72,"stat.pickup.minecraft.gunpowder":7,"stat.crouchOneCm":11782,"stat.pickup.minecraft.dirt":76,"stat.craftingTableInteraction":7,"stat.mineBlock.minecraft.leaves2":2,"stat.mineBlock.minecraft.log2":7,"stat.damageTaken":4015,"stat.pickup.minecraft.leather":6,"stat.drop.minecraft.bone":2,"stat.mineBlock.minecraft.furnace":3,"stat.useItem.minecraft.wooden_pickaxe":27,"stat.drop.minecraft.water_bucket":2,"stat.mineBlock.minecraft.sapling":1,"stat.pickup.minecraft.log2":7,"stat.pickup.minecraft.planks":137,"stat.pickup.minecraft.wheat_seeds":10,"stat.useItem.forge.bucketfilled":1,"stat.entityKilledBy.Zombie":3,"stat.useItem.minecraft.stone_pickaxe":55,"stat.useItem.toughasnails.campfire":1,"stat.damageDealt":1534,"stat.killEntity.Cow":7,"stat.mineBlock.minecraft.dirt":7,"stat.useItem.minecraft.crafting_table":1,"stat.entityKilledBy.mutantbeasts.endersoul_clone":1,"stat.walkOneCm":205079,"stat.playerKills":1,"stat.pickup.minecraft.stick":97,"stat.drop.minecraft.rotten_flesh":2,"stat.pickup.minecraft.crafting_table":4,"stat.useItem.minecraft.cobblestone":10,"stat.craftItem.minecraft.crafting_table":2,"stat.mineBlock.minecraft.double_plant":1,"stat.pickup.cgm.handgun":1,"stat.pickup.minecraft.log":107,"stat.pickup.minecraft.stone":18,"stat.pickup.minecraft.sapling":17,"stat.entityKilledBy.Enderman":1,"stat.pickup.minecraft.cooked_beef":3,"stat.pickup.minecraft.apple":2,"stat.craftItem.minecraft.planks":192,"stat.mobKills":15,"stat.mineBlock.minecraft.log":63,"stat.pickup.minecraft.water_bucket":1,"stat.mineBlock.minecraft.leaves":19,"stat.pickup.mutantbeasts.mutant_skeleton_limb":1,"stat.sneakTime":4995,"stat.pickup.minecraft.wool":1,"stat.useItem.minecraft.wooden_axe":50,"stat.mineBlock.minecraft.stone":66,"stat.drop.minecraft.grass":1}