{"stat.pickup.minecraft.bone":11,"stat.leaveGame":4,"stat.pickup.minecraft.arrow":3,"stat.pickup.minecraft.stone_pickaxe":3,"stat.pickup.minecraft.stone_axe":3,"stat.killEntity.mutantbeasts.mutant_skeleton":1,"stat.pickup.gravestone.death_info":17,"stat.swimOneCm":30492,"stat.jump":832,"stat.pickup.minecraft.coal":14,"stat.climbOneCm":431,"stat.fallOneCm":11362,"stat.useItem.minecraft.planks":7,"stat.pickup.minecraft.glowstone_dust":1,"stat.useItem.minecraft.stone_axe":59,"stat.pickup.minecraft.gunpowder":2,"stat.crouchOneCm":1291,"stat.mineBlock.gravestone.gravestone":2,"stat.entityKilledBy.mutantbeasts.mutant_zombie":2,"stat.pickup.minecraft.dirt":48,"stat.useItem.minecraft.dirt":4,"stat.useItem.minecraft.stone_slab2":136,"stat.craftingTableInteraction":3,"stat.pickup.minecraft.rotten_flesh":16,"stat.craftItem.minecraft.furnace":1,"stat.entityKilledBy.Spider":1,"stat.mineBlock.minecraft.leaves2":2,"stat.mineBlock.minecraft.log2":7,"stat.damageTaken":2701,"stat.pickup.minecraft.leather":6,"stat.drop.minecraft.bone":2,"stat.mineBlock.minecraft.furnace":3,"stat.useItem.minecraft.wooden_pickaxe":27,"stat.craftItem.minecraft.cooked_beef":11,"stat.pickup.minecraft.cobblestone":69,"stat.mineBlock.minecraft.sapling":1,"stat.pickup.minecraft.log2":7,"stat.pickup.minecraft.planks":116,"stat.flyOneCm":168029,"stat.pickup.minecraft.wheat_seeds":6,"stat.entityKilledBy.Zombie":3,"stat.drop.minecraft.wheat_seeds":3,"stat.craftItem.toughasnails.campfire":1,"stat.useItem.minecraft.stone_pickaxe":44,"stat.useItem.minecraft.cooked_beef":1,"stat.damageDealt":1534,"stat.timeSinceDeath":14233,"stat.killEntity.Cow":7,"stat.mineBlock.minecraft.dirt":7,"stat.useItem.minecraft.crafting_table":1,"stat.craftItem.minecraft.wooden_pickaxe":1,"stat.pickup.minecraft.mutton":2,"stat.walkOneCm":126077,"stat.drop.gravestone.death_info":1,"stat.pickup.minecraft.stick":4,"stat.pickup.minecraft.wooden_axe":1,"stat.pickup.minecraft.crafting_table":3,"stat.useItem.minecraft.cobblestone":7,"stat.furnaceInteraction":16,"stat.craftItem.minecraft.crafting_table":2,"stat.mineBlock.minecraft.double_plant":1,"stat.mineBlock.minecraft.coal_ore":7,"stat.pickup.minecraft.log":71,"stat.pickup.minecraft.string":7,"stat.pickup.minecraft.beef":18,"stat.pickup.minecraft.furnace":3,"stat.entityKilledBy.Skeleton":1,"stat.craftItem.minecraft.stone_slab2":0,"stat.pickup.minecraft.stone":14,"stat.pickup.minecraft.sapling":4,"stat.sprintOneCm":95704,"stat.entityKilledBy.Enderman":1,"stat.pickup.minecraft.cooked_beef":3,"stat.craftItem.minecraft.stick":28,"stat.craftItem.minecraft.planks":116,"stat.craftItem.minecraft.stone":14,"stat.mineBlock.minecraft.crafting_table":2,"stat.mobKills":15,"stat.mineBlock.minecraft.log":54,"stat.deaths":10,"stat.mineBlock.minecraft.planks":6,"stat.drop":9,"stat.mineBlock.minecraft.leaves":16,"stat.playOneMinute":78576,"stat.drop.minecraft.string":2,"stat.killEntity.Sheep":1,"stat.pickup.mutantbeasts.mutant_skeleton_limb":1,"stat.sneakTime":802,"stat.pickup.minecraft.wool":1,"stat.killEntity.Zombie":3,"stat.useItem.minecraft.wooden_axe":48,"stat.mineBlock.minecraft.stone":54,"stat.drop.minecraft.grass":1,"stat.mineBlock.minecraft.tallgrass":62,"stat.craftItem.minecraft.cooked_mutton":2,"stat.diveOneCm":15596}