{"stat.pickup.minecraft.bone":97,"stat.pickup.minecraft.wooden_slab":48,"stat.pickup.aquaculture.gold_fishing_rod":9,"stat.leaveGame":5,"stat.mineBlock.minecraft.pumpkin":9,"stat.mineBlock.minecraft.cobblestone":14,"stat.drop.minecraft.gunpowder":1,"stat.pickup.minecraft.stone_pickaxe":18,"stat.pickup.minecraft.flint":1,"stat.mineBlock.minecraft.yellow_flower":1,"stat.killEntity.mutantbeasts.mutant_skeleton":1,"stat.pickup.mutantbeasts.mutant_skeleton_pelvis":3,"stat.pickup.gravestone.death_info":66,"stat.useItem.minecraft.mutton":1,"stat.pickup.minecraft.fishing_rod":3,"stat.swimOneCm":69249,"stat.climbOneCm":82964,"stat.useItem.minecraft.planks":82,"stat.pickup.minecraft.enchanted_book":1,"stat.pickup.minecraft.glowstone_dust":1,"stat.mineBlock.gravestone.gravestone":24,"stat.entityKilledBy.mutantbeasts.mutant_zombie":2,"stat.useItem.minecraft.dirt":52,"stat.useItem.minecraft.stone_slab2":158,"stat.useItem.minecraft.water_bucket":33,"stat.pickup.minecraft.rotten_flesh":106,"stat.craftItem.minecraft.furnace":1,"stat.entityKilledBy.Spider":1,"stat.pickup.mutantbeasts.mutant_skeleton_leggings":9,"stat.pickup.minecraft.bucket":2,"stat.craftItem.minecraft.cooked_beef":11,"stat.pickup.minecraft.cobblestone":498,"stat.mineBlock.minecraft.wooden_slab":6,"stat.pickup.mutantbeasts.mutant_skeleton_rib":16,"stat.flyOneCm":405141,"stat.drop.minecraft.wheat_seeds":5,"stat.craftItem.toughasnails.campfire":3,"stat.useItem.minecraft.cooked_beef":5,"stat.craftItem.minecraft.wooden_slab":108,"stat.pickup.minecraft.cactus":9,"stat.timeSinceDeath":9577,"stat.craftItem.minecraft.wooden_pickaxe":1,"stat.useItem.minecraft.wooden_slab":141,"stat.pickup.minecraft.mutton":17,"stat.drop.minecraft.coal":1,"stat.drop.gravestone.death_info":12,"stat.pickup.cgm.basic_ammo":736,"stat.pickup.minecraft.wooden_axe":9,"stat.furnaceInteraction":32,"stat.mineBlock.minecraft.coal_ore":17,"stat.killEntity.Creeper":1,"stat.pickup.minecraft.string":12,"stat.mineBlock.minecraft.ladder":1,"stat.pickup.toughasnails.campfire":2,"stat.pickup.minecraft.beef":96,"stat.pickup.minecraft.furnace":5,"stat.pickup.aquaculture.loot":1,"stat.entityKilledBy.Skeleton":6,"stat.craftItem.minecraft.stone_slab2":0,"stat.sprintOneCm":290452,"stat.craftItem.minecraft.stick":152,"stat.craftItem.minecraft.stone":14,"stat.mineBlock.minecraft.crafting_table":2,"stat.deaths":39,"stat.mineBlock.minecraft.planks":10,"stat.drop":46,"stat.playOneMinute":260564,"stat.drop.minecraft.string":2,"stat.killEntity.Sheep":5,"stat.entityKilledBy.mutantbeasts.mutant_creeper":1,"stat.killEntity.Zombie":7,"stat.mineBlock.minecraft.tallgrass":128,"stat.craftItem.minecraft.cooked_mutton":5,"stat.craftItem.forge.bucketfilled":1,"stat.diveOneCm":96366,"stat.pickup.minecraft.cooked_mutton":21,"stat.pickup.minecraft.wheat":48,"stat.chestOpened":41,"stat.pickup.minecraft.pumpkin":114,"stat.useItem.minecraft.stone":2,"stat.pickup.minecraft.gravel":12,"stat.pickup.minecraft.arrow":78,"stat.pickup.minecraft.stone_axe":18,"stat.useItem.minecraft.apple":1,"stat.mineBlock.minecraft.deadbush":1,"stat.useItem.minecraft.rotten_flesh":4,"stat.jump":2555,"stat.pickup.minecraft.coal":68,"stat.fallOneCm":157327,"stat.pickup.minecraft.carrot":212,"stat.useItem.minecraft.stone_axe":176,"stat.pickup.minecraft.gunpowder":44,"stat.crouchOneCm":24854,"stat.mineBlock.minecraft.chest":2,"stat.craftItem.minecraft.torch":36,"stat.pickup.minecraft.dirt":357,"stat.craftingTableInteraction":14,"stat.drop.toughasnails.campfire":1,"stat.mineBlock.minecraft.leaves2":2,"stat.mineBlock.minecraft.log2":7,"stat.damageTaken":11764,"stat.pickup.minecraft.leather":59,"stat.drop.minecraft.bone":2,"stat.mineBlock.minecraft.furnace":3,"stat.mineBlock.minecraft.torch":3,"stat.mineBlock.minecraft.red_flower":1,"stat.useItem.minecraft.wooden_pickaxe":27,"stat.drop.minecraft.water_bucket":8,"stat.mineBlock.minecraft.sapling":1,"stat.pickup.minecraft.log2":7,"stat.pickup.minecraft.planks":566,"stat.pickup.minecraft.reeds":36,"stat.pickup.minecraft.wheat_seeds":232,"stat.useItem.forge.bucketfilled":1,"stat.craftItem.aquaculture.gold_fishing_rod":1,"stat.pickup.minecraft.potato":140,"stat.entityKilledBy.Zombie":8,"stat.mineBlock.minecraft.gravel":2,"stat.useItem.minecraft.stone_pickaxe":91,"stat.useItem.minecraft.stone_sword":14,"stat.useItem.toughasnails.campfire":1,"stat.damageDealt":2353,"stat.sleepInBed":6,"stat.killEntity.Cow":15,"stat.mineBlock.minecraft.dirt":20,"stat.useItem.minecraft.crafting_table":1,"stat.entityKilledBy.mutantbeasts.endersoul_clone":2,"stat.walkOneCm":488569,"stat.useItem.minecraft.torch":15,"stat.playerKills":4,"stat.useItem.minecraft.chest":1,"stat.pickup.minecraft.stick":368,"stat.useItem.minecraft.pumpkin":1,"stat.drop.minecraft.rotten_flesh":4,"stat.pickup.minecraft.crafting_table":6,"stat.useItem.minecraft.cobblestone":103,"stat.craftItem.minecraft.crafting_table":2,"stat.mineBlock.minecraft.double_plant":7,"stat.pickup.cgm.handgun":15,"stat.useItem.minecraft.lava_bucket":4,"stat.pickup.minecraft.log":139,"stat.pickup.minecraft.tnt":9,"stat.pickup.minecraft.stone":24,"stat.drop.minecraft.sapling":9,"stat.mineBlock.minecraft.wool":2,"stat.pickup.minecraft.sapling":37,"stat.entityKilledBy.Enderman":1,"stat.pickup.minecraft.cooked_beef":70,"stat.pickup.minecraft.apple":5,"stat.pickup.minecraft.ladder":5,"stat.pickup.minecraft.gold_ingot":9,"stat.killEntity.Skeleton":2,"stat.pickup.minecraft.beetroot":40,"stat.pickup.minecraft.record_mellohi":1,"stat.craftItem.minecraft.planks":264,"stat.entityKilledBy.Wolf":1,"stat.killEntity.Spider":1,"stat.pickup.minecraft.stone_sword":1,"stat.mobKills":36,"stat.pickup.minecraft.book":168,"stat.mineBlock.minecraft.log":72,"stat.mineBlock.minecraft.bookshelf":14,"stat.pickup.minecraft.water_bucket":9,"stat.mineBlock.minecraft.leaves":25,"stat.pickup.minecraft.iron_horse_armor":1,"stat.pickup.minecraft.beetroot_seeds":160,"stat.pickup.minecraft.torch":353,"stat.craftItem.mutantbeasts.mutant_skeleton_leggings":1,"stat.pickup.mutantbeasts.mutant_skeleton_limb":17,"stat.pickup.minecraft.red_flower":6,"stat.sneakTime":10903,"stat.pickup.minecraft.wool":16,"stat.useItem.minecraft.wooden_axe":50,"stat.mineBlock.minecraft.stone":73,"stat.drop.minecraft.grass":1,"stat.pickup.minecraft.chest":2}