{"stat.drop.minecraft.mutton":3,"stat.pickup.minecraft.wooden_slab":156,"stat.pickup.aquaculture.gold_fishing_rod":13,"stat.leaveGame":11,"stat.drop.minecraft.gunpowder":1,"stat.killEntity.mutantbeasts.mutant_skeleton":1,"stat.pickup.mutantbeasts.mutant_skeleton_pelvis":6,"stat.pickup.gravestone.death_info":76,"stat.useItem.minecraft.mutton":1,"stat.pickup.minecraft.fishing_rod":3,"stat.useItem.minecraft.planks":131,"stat.pickup.minecraft.glowstone_dust":7,"stat.pickup.minecraft.glass":19,"stat.mineBlock.gravestone.gravestone":31,"stat.craftItem.aquaculture.iron_fishing_rod":1,"stat.useItem.minecraft.water_bucket":69,"stat.pickup.minecraft.rotten_flesh":193,"stat.pickup.minecraft.sand":64,"stat.entityKilledBy.Spider":1,"stat.pickup.minecraft.bucket":3,"stat.mineBlock.minecraft.wooden_slab":13,"stat.mineBlock.minecraft.sand":65,"stat.killEntity.Witch":1,"stat.useItem.minecraft.iron_pickaxe":266,"stat.craftItem.minecraft.wooden_pickaxe":1,"stat.drop.gravestone.death_info":21,"stat.furnaceInteraction":76,"stat.drop.minecraft.gravel":23,"stat.pickup.toughasnails.campfire":2,"stat.pickup.minecraft.beef":108,"stat.pickup.minecraft.furnace":5,"stat.pickup.aquaculture.loot":1,"stat.pickup.minecraft.iron_chestplate":2,"stat.pickup.minecraft.skull":8,"stat.entityKilledBy.mutantbeasts.mutant_skeleton":1,"stat.pickup.minecraft.potion":2,"stat.craftItem.toughasnails.purified_water_bottle":2,"stat.craftItem.toughasnails.canteen":1,"stat.useItem.minecraft.flint_and_steel":1,"stat.useItem.minecraft.dye":11,"stat.useItem.minecraft.beef":1,"stat.deaths":47,"stat.playOneMinute":500278,"stat.craftItem.minecraft.item_frame":6,"stat.drop.minecraft.string":2,"stat.craftItem.minecraft.iron_pickaxe":2,"stat.pickup.artifacts.panic_necklace":1,"stat.pickup.minecraft.glass_pane":4,"stat.pickup.minecraft.item_frame":1,"stat.drop.minecraft.glass_bottle":1,"stat.pickup.toughasnails.canteen":2,"stat.mineBlock.minecraft.tallgrass":136,"stat.craftItem.minecraft.cooked_mutton":5,"stat.pickup.minecraft.cooked_mutton":21,"stat.chestOpened":124,"stat.pickup.minecraft.pumpkin":114,"stat.useItem.minecraft.stone":4,"stat.pickup.minecraft.arrow":109,"stat.drop.minecraft.flint":4,"stat.craftItem.minecraft.iron_nugget":171,"stat.fallOneCm":258130,"stat.pickup.mutantbeasts.mutant_skeleton_shoulder_pad":6,"stat.pickup.minecraft.carrot":212,"stat.crouchOneCm":68353,"stat.mineBlock.minecraft.chest":3,"stat.craftItem.minecraft.iron_ingot":12,"stat.craftItem.minecraft.chest":17,"stat.pickup.minecraft.melon":90,"stat.pickup.cgm.assault_rifle":6,"stat.craftingTableInteraction":47,"stat.pickup.cgm.silencer":1,"stat.mineBlock.minecraft.log2":7,"stat.pickup.minecraft.feather":2,"stat.drop.minecraft.bone":2,"stat.pickup.minecraft.dye":97,"stat.pickup.minecraft.planks":821,"stat.pickup.minecraft.wheat_seeds":239,"stat.drop.cgm.rifle":1,"stat.mineBlock.minecraft.gravel":33,"stat.useItem.minecraft.stone_pickaxe":96,"stat.useItem.minecraft.stone_sword":20,"stat.useItem.toughasnails.campfire":1,"stat.mineBlock.minecraft.dirt":36,"stat.pickup.minecraft.flint_and_steel":2,"stat.useItem.minecraft.torch":24,"stat.pickup.minecraft.iron_nugget":148,"stat.drop.minecraft.rotten_flesh":6,"stat.pickup.minecraft.crafting_table":6,"stat.useItem.minecraft.log":8,"stat.useItem.minecraft.cobblestone":173,"stat.craftItem.minecraft.crafting_table":3,"stat.useItem.minecraft.gravel":4,"stat.mineBlock.minecraft.double_plant":7,"stat.drop.aquaculture.iron_fishing_rod":1,"stat.craftItem.firstaid.bandage":2,"stat.pickup.minecraft.log":223,"stat.drop.aquaculture.gold_fishing_rod":1,"stat.drop.minecraft.glass_pane":4,"stat.drop.minecraft.chicken":1,"stat.pickup.minecraft.iron_pickaxe":4,"stat.pickup.usefulbackpacks.backpack":4,"stat.craftItem.usefulbackpacks.backpack":1,"stat.drop.minecraft.sapling":9,"stat.pickup.minecraft.chicken":1,"stat.pickup.minecraft.sapling":38,"stat.entityKilledBy.Enderman":1,"stat.pickup.minecraft.apple":6,"stat.pickup.minecraft.beetroot":40,"stat.craftItem.minecraft.bucket":1,"stat.craftItem.minecraft.planks":551,"stat.entityKilledBy.Wolf":1,"stat.useItem.mutantbeasts.hulk_hammer":3,"stat.pickup.minecraft.stone_sword":7,"stat.pickup.minecraft.book":420,"stat.mineBlock.minecraft.log":155,"stat.useItem.minecraft.stone_hoe":5,"stat.craftItem.mutantbeasts.mutant_skeleton_boots":1,"stat.craftItem.mutantbeasts.mutant_skeleton_leggings":2,"stat.pickup.mutantbeasts.mutant_skeleton_limb":29,"stat.pickup.minecraft.red_flower":10,"stat.sneakTime":30292,"stat.pickup.minecraft.wool":30,"stat.useItem.minecraft.wooden_axe":50,"stat.pickup.minecraft.stone_slab":75,"stat.drop.minecraft.grass":1,"stat.pickup.minecraft.chest":6,"stat.drop.minecraft.stone_pickaxe":1,"stat.pickup.minecraft.bone":134,"stat.useItem.minecraft.iron_axe":148,"stat.mineBlock.minecraft.pumpkin":9,"stat.mineBlock.minecraft.cobblestone":21,"stat.pickup.minecraft.stone_pickaxe":21,"stat.pickup.minecraft.flint":15,"stat.mineBlock.minecraft.yellow_flower":1,"stat.craftItem.minecraft.wool":5,"stat.pickup.artifacts.drinking_hat":1,"stat.swimOneCm":112380,"stat.climbOneCm":130648,"stat.pickup.minecraft.enchanted_book":1,"stat.entityKilledBy.mutantbeasts.mutant_zombie":2,"stat.useItem.minecraft.dirt":68,"stat.useItem.minecraft.stone_slab2":190,"stat.pickup.minecraft.stone_hoe":2,"stat.craftItem.minecraft.furnace":1,"stat.pickup.mutantbeasts.mutant_skeleton_leggings":13,"stat.drop.cgm.assault_rifle":1,"stat.craftItem.minecraft.cooked_beef":11,"stat.pickup.minecraft.cobblestone":1039,"stat.pickup.mutantbeasts.mutant_skeleton_rib":32,"stat.useItem.minecraft.stone_shovel":11,"stat.flyOneCm":708304,"stat.craftItem.minecraft.glass_bottle":3,"stat.pickup.minecraft.glass_bottle":2,"stat.drop.minecraft.wheat_seeds":8,"stat.craftItem.toughasnails.campfire":3,"stat.useItem.minecraft.cooked_beef":13,"stat.craftItem.minecraft.wooden_slab":439,"stat.pickup.minecraft.cactus":12,"stat.mineBlock.minecraft.iron_ore":12,"stat.timeSinceDeath":1987,"stat.useItem.minecraft.wooden_slab":410,"stat.pickup.minecraft.mutton":23,"stat.drop.minecraft.coal":1,"stat.pickup.cgm.basic_ammo":1284,"stat.useItem.minecraft.potato":15,"stat.pickup.minecraft.wooden_axe":9,"stat.drop.minecraft.dirt":45,"stat.mineBlock.minecraft.coal_ore":17,"stat.killEntity.Creeper":2,"stat.craftItem.minecraft.stone_hoe":1,"stat.pickup.minecraft.string":24,"stat.pickup.cgm.advanced_ammo":108,"stat.mineBlock.minecraft.ladder":1,"stat.drop.usefulbackpacks.backpack":1,"stat.entityKilledBy.Skeleton":7,"stat.craftItem.minecraft.stone_slab2":0,"stat.killEntity.Squid":9,"stat.sprintOneCm":479441,"stat.mineBlock.minecraft.stone_slab":54,"stat.craftItem.minecraft.stick":160,"stat.drop.minecraft.stone_hoe":1,"stat.useItem.minecraft.stone_slab":402,"stat.craftItem.minecraft.stone":14,"stat.mineBlock.minecraft.crafting_table":2,"stat.pickup.mutantbeasts.mutant_skeleton_boots":2,"stat.mineBlock.minecraft.planks":19,"stat.drop":90,"stat.killEntity.Sheep":12,"stat.entityKilledBy.mutantbeasts.mutant_creeper":1,"stat.killEntity.Zombie":16,"stat.craftItem.minecraft.dye":18,"stat.craftItem.forge.bucketfilled":2,"stat.diveOneCm":162050,"stat.pickup.minecraft.wheat":48,"stat.pickup.cgm.scope":3,"stat.pickup.minecraft.gravel":80,"stat.useItem.minecraft.glass_bottle":3,"stat.pickup.minecraft.stone_axe":24,"stat.useItem.minecraft.apple":1,"stat.mineBlock.minecraft.deadbush":1,"stat.useItem.minecraft.rotten_flesh":6,"stat.jump":4637,"stat.pickup.minecraft.coal":68,"stat.pickup.minecraft.iron_ingot":146,"stat.useItem.minecraft.stone_axe":176,"stat.pickup.minecraft.gunpowder":52,"stat.craftItem.minecraft.torch":36,"stat.pickup.minecraft.dirt":486,"stat.drop.toughasnails.campfire":1,"stat.pickup.minecraft.iron_ore":33,"stat.useItem.minecraft.glass":12,"stat.craftItem.minecraft.flint_and_steel":1,"stat.pickup.minecraft.iron_axe":2,"stat.mineBlock.minecraft.leaves2":2,"stat.damageTaken":14746,"stat.pickup.minecraft.leather":105,"stat.mineBlock.minecraft.furnace":3,"stat.mineBlock.minecraft.torch":7,"stat.mineBlock.minecraft.red_flower":2,"stat.mineBlock.minecraft.melon_block":8,"stat.useItem.minecraft.wooden_pickaxe":27,"stat.drop.minecraft.water_bucket":8,"stat.mineBlock.minecraft.sapling":1,"stat.pickup.minecraft.log2":7,"stat.pickup.minecraft.reeds":36,"stat.useItem.forge.bucketfilled":4,"stat.craftItem.aquaculture.gold_fishing_rod":1,"stat.pickup.minecraft.potato":169,"stat.entityKilledBy.Zombie":10,"stat.damageDealt":2917,"stat.craftItem.minecraft.glass":31,"stat.sleepInBed":31,"stat.killEntity.Cow":21,"stat.useItem.minecraft.crafting_table":1,"stat.craftItem.minecraft.stone_slab":354,"stat.entityKilledBy.mutantbeasts.endersoul_clone":2,"stat.walkOneCm":1043675,"stat.playerKills":5,"stat.useItem.minecraft.chest":13,"stat.pickup.minecraft.stick":595,"stat.useItem.minecraft.pumpkin":1,"stat.craftItem.firstaid.plaster":2,"stat.pickup.cgm.handgun":20,"stat.useItem.minecraft.lava_bucket":15,"stat.pickup.cgm.rifle":4,"stat.pickup.minecraft.tnt":9,"stat.useItem.minecraft.item_frame":5,"stat.pickup.minecraft.stone":33,"stat.craftItem.minecraft.iron_chestplate":1,"stat.mineBlock.minecraft.wool":2,"stat.pickup.minecraft.cooked_beef":119,"stat.pickup.minecraft.ladder":5,"stat.useItem.minecraft.cactus":1,"stat.pickup.minecraft.gold_ingot":9,"stat.killEntity.Skeleton":4,"stat.pickup.minecraft.record_mellohi":1,"stat.killEntity.Chicken":1,"stat.killEntity.Spider":1,"stat.mobKills":76,"stat.mineBlock.minecraft.bookshelf":14,"stat.pickup.minecraft.water_bucket":10,"stat.mineBlock.minecraft.leaves":50,"stat.pickup.minecraft.iron_horse_armor":1,"stat.pickup.minecraft.beetroot_seeds":160,"stat.pickup.minecraft.torch":569,"stat.drop.minecraft.beef":5,"stat.drop.minecraft.arrow":1,"stat.mineBlock.minecraft.stone":269}