{"stat.pickup.minecraft.bone":17,"stat.pickup.minecraft.wooden_slab":39,"stat.leaveGame":5,"stat.mineBlock.minecraft.pumpkin":9,"stat.drop.minecraft.gunpowder":1,"stat.pickup.minecraft.stone_pickaxe":6,"stat.killEntity.mutantbeasts.mutant_skeleton":1,"stat.pickup.mutantbeasts.mutant_skeleton_pelvis":1,"stat.pickup.gravestone.death_info":28,"stat.swimOneCm":57772,"stat.climbOneCm":10570,"stat.useItem.minecraft.planks":62,"stat.pickup.minecraft.glowstone_dust":1,"stat.mineBlock.gravestone.gravestone":5,"stat.entityKilledBy.mutantbeasts.mutant_zombie":2,"stat.useItem.minecraft.dirt":31,"stat.useItem.minecraft.stone_slab2":151,"stat.useItem.minecraft.water_bucket":28,"stat.pickup.minecraft.rotten_flesh":46,"stat.craftItem.minecraft.furnace":1,"stat.entityKilledBy.Spider":1,"stat.pickup.minecraft.bucket":2,"stat.craftItem.minecraft.cooked_beef":11,"stat.pickup.minecraft.cobblestone":107,"stat.mineBlock.minecraft.wooden_slab":5,"stat.pickup.mutantbeasts.mutant_skeleton_rib":2,"stat.flyOneCm":313979,"stat.drop.minecraft.wheat_seeds":5,"stat.craftItem.toughasnails.campfire":3,"stat.useItem.minecraft.cooked_beef":1,"stat.craftItem.minecraft.wooden_slab":108,"stat.timeSinceDeath":835,"stat.craftItem.minecraft.wooden_pickaxe":1,"stat.useItem.minecraft.wooden_slab":141,"stat.pickup.minecraft.mutton":2,"stat.drop.minecraft.coal":1,"stat.drop.gravestone.death_info":4,"stat.pickup.cgm.basic_ammo":134,"stat.pickup.minecraft.wooden_axe":3,"stat.furnaceInteraction":26,"stat.mineBlock.minecraft.coal_ore":17,"stat.pickup.minecraft.string":12,"stat.mineBlock.minecraft.ladder":1,"stat.pickup.toughasnails.campfire":2,"stat.pickup.minecraft.beef":18,"stat.pickup.minecraft.furnace":3,"stat.entityKilledBy.Skeleton":4,"stat.craftItem.minecraft.stone_slab2":0,"stat.sprintOneCm":169212,"stat.craftItem.minecraft.stick":140,"stat.craftItem.minecraft.stone":14,"stat.mineBlock.minecraft.crafting_table":2,"stat.deaths":17,"stat.mineBlock.minecraft.planks":9,"stat.drop":21,"stat.playOneMinute":150764,"stat.drop.minecraft.string":2,"stat.killEntity.Sheep":1,"stat.entityKilledBy.mutantbeasts.mutant_creeper":1,"stat.killEntity.Zombie":4,"stat.mineBlock.minecraft.tallgrass":79,"stat.craftItem.minecraft.cooked_mutton":2,"stat.craftItem.forge.bucketfilled":1,"stat.diveOneCm":93579,"stat.chestOpened":19,"stat.pickup.minecraft.pumpkin":19,"stat.pickup.minecraft.arrow":7,"stat.pickup.minecraft.stone_axe":6,"stat.useItem.minecraft.apple":1,"stat.mineBlock.minecraft.deadbush":1,"stat.useItem.minecraft.rotten_flesh":4,"stat.jump":1671,"stat.pickup.minecraft.coal":31,"stat.fallOneCm":36404,"stat.useItem.minecraft.stone_axe":87,"stat.pickup.minecraft.gunpowder":7,"stat.crouchOneCm":14008,"stat.craftItem.minecraft.torch":36,"stat.pickup.minecraft.dirt":78,"stat.craftingTableInteraction":7,"stat.drop.toughasnails.campfire":1,"stat.mineBlock.minecraft.leaves2":2,"stat.mineBlock.minecraft.log2":7,"stat.damageTaken":4695,"stat.pickup.minecraft.leather":8,"stat.drop.minecraft.bone":2,"stat.mineBlock.minecraft.furnace":3,"stat.useItem.minecraft.wooden_pickaxe":27,"stat.drop.minecraft.water_bucket":2,"stat.mineBlock.minecraft.sapling":1,"stat.pickup.minecraft.log2":7,"stat.pickup.minecraft.planks":138,"stat.pickup.minecraft.wheat_seeds":12,"stat.useItem.forge.bucketfilled":1,"stat.entityKilledBy.Zombie":3,"stat.useItem.minecraft.stone_pickaxe":65,"stat.useItem.toughasnails.campfire":1,"stat.damageDealt":1552,"stat.killEntity.Cow":7,"stat.mineBlock.minecraft.dirt":9,"stat.useItem.minecraft.crafting_table":1,"stat.entityKilledBy.mutantbeasts.endersoul_clone":1,"stat.walkOneCm":277673,"stat.useItem.minecraft.torch":11,"stat.playerKills":1,"stat.pickup.minecraft.stick":170,"stat.drop.minecraft.rotten_flesh":2,"stat.pickup.minecraft.crafting_table":5,"stat.useItem.minecraft.cobblestone":10,"stat.craftItem.minecraft.crafting_table":2,"stat.mineBlock.minecraft.double_plant":4,"stat.pickup.cgm.handgun":2,"stat.pickup.minecraft.log":125,"stat.pickup.minecraft.stone":18,"stat.pickup.minecraft.sapling":26,"stat.entityKilledBy.Enderman":1,"stat.pickup.minecraft.cooked_beef":3,"stat.pickup.minecraft.apple":3,"stat.pickup.minecraft.ladder":2,"stat.pickup.minecraft.gold_ingot":3,"stat.craftItem.minecraft.planks":264,"stat.killEntity.Spider":1,"stat.mobKills":16,"stat.mineBlock.minecraft.log":72,"stat.pickup.minecraft.water_bucket":1,"stat.mineBlock.minecraft.leaves":25,"stat.pickup.mutantbeasts.mutant_skeleton_limb":4,"stat.sneakTime":6679,"stat.pickup.minecraft.wool":1,"stat.useItem.minecraft.wooden_axe":50,"stat.mineBlock.minecraft.stone":66,"stat.drop.minecraft.grass":1}