{"stat.walkOneCm":32498,"stat.pickup.minecraft.bone":6,"stat.playerKills":2,"stat.leaveGame":5,"stat.pickup.minecraft.arrow":7,"stat.killEntity.Creeper":1,"stat.pickup.minecraft.log":1,"stat.jump":225,"stat.swimOneCm":125,"stat.fallOneCm":1074,"stat.climbOneCm":5887,"stat.pickup.minecraft.glowstone_dust":2,"stat.pickup.minecraft.gunpowder":2,"stat.crouchOneCm":1859,"stat.pickup.minecraft.dirt":3,"stat.sprintOneCm":8853,"stat.useItem.minecraft.stone_slab2":22,"stat.pickup.minecraft.bow":1,"stat.craftingTableInteraction":4,"stat.pickup.minecraft.rotten_flesh":1,"stat.killEntity.Skeleton":3,"stat.pickup.minecraft.leaves":2,"stat.damageTaken":390,"stat.mobKills":3,"stat.entityKilledBy.Creeper":1,"stat.flyOneCm":29650,"stat.deaths":1,"stat.pickup.minecraft.wheat_seeds":2,"stat.playOneMinute":33608,"stat.sneakTime":634,"stat.damageDealt":139,"stat.timeSinceDeath":3821,"stat.useItem.minecraft.spawn_egg":6}