{"stat.pickup.minecraft.bone":15,"stat.leaveGame":5,"stat.drop.minecraft.gunpowder":1,"stat.pickup.minecraft.stone_pickaxe":4,"stat.killEntity.mutantbeasts.mutant_skeleton":1,"stat.pickup.gravestone.death_info":23,"stat.swimOneCm":36044,"stat.climbOneCm":431,"stat.useItem.minecraft.planks":40,"stat.pickup.minecraft.glowstone_dust":1,"stat.mineBlock.gravestone.gravestone":3,"stat.entityKilledBy.mutantbeasts.mutant_zombie":2,"stat.useItem.minecraft.dirt":6,"stat.useItem.minecraft.stone_slab2":138,"stat.pickup.minecraft.rotten_flesh":29,"stat.craftItem.minecraft.furnace":1,"stat.entityKilledBy.Spider":1,"stat.craftItem.minecraft.cooked_beef":11,"stat.pickup.minecraft.cobblestone":107,"stat.flyOneCm":229461,"stat.drop.minecraft.wheat_seeds":3,"stat.craftItem.toughasnails.campfire":3,"stat.useItem.minecraft.cooked_beef":1,"stat.craftItem.minecraft.wooden_slab":30,"stat.timeSinceDeath":16664,"stat.craftItem.minecraft.wooden_pickaxe":1,"stat.useItem.minecraft.wooden_slab":1,"stat.pickup.minecraft.mutton":2,"stat.drop.gravestone.death_info":1,"stat.pickup.minecraft.wooden_axe":2,"stat.furnaceInteraction":17,"stat.mineBlock.minecraft.coal_ore":7,"stat.pickup.minecraft.string":9,"stat.pickup.minecraft.beef":18,"stat.pickup.minecraft.furnace":3,"stat.entityKilledBy.Skeleton":1,"stat.craftItem.minecraft.stone_slab2":0,"stat.sprintOneCm":115280,"stat.craftItem.minecraft.stick":60,"stat.craftItem.minecraft.stone":14,"stat.mineBlock.minecraft.crafting_table":2,"stat.deaths":11,"stat.mineBlock.minecraft.planks":8,"stat.drop":12,"stat.playOneMinute":102164,"stat.drop.minecraft.string":2,"stat.killEntity.Sheep":1,"stat.entityKilledBy.mutantbeasts.mutant_creeper":1,"stat.killEntity.Zombie":3,"stat.mineBlock.minecraft.tallgrass":62,"stat.craftItem.minecraft.cooked_mutton":2,"stat.diveOneCm":28380,"stat.chestOpened":2,"stat.pickup.minecraft.arrow":5,"stat.pickup.minecraft.stone_axe":4,"stat.jump":1002,"stat.pickup.minecraft.coal":21,"stat.fallOneCm":13981,"stat.useItem.minecraft.stone_axe":59,"stat.pickup.minecraft.gunpowder":7,"stat.crouchOneCm":2828,"stat.pickup.minecraft.dirt":50,"stat.craftingTableInteraction":5,"stat.mineBlock.minecraft.leaves2":2,"stat.mineBlock.minecraft.log2":7,"stat.damageTaken":3017,"stat.pickup.minecraft.leather":6,"stat.drop.minecraft.bone":2,"stat.mineBlock.minecraft.furnace":3,"stat.useItem.minecraft.wooden_pickaxe":27,"stat.mineBlock.minecraft.sapling":1,"stat.pickup.minecraft.log2":7,"stat.pickup.minecraft.planks":133,"stat.pickup.minecraft.wheat_seeds":10,"stat.entityKilledBy.Zombie":3,"stat.useItem.minecraft.stone_pickaxe":55,"stat.useItem.toughasnails.campfire":1,"stat.damageDealt":1534,"stat.killEntity.Cow":7,"stat.mineBlock.minecraft.dirt":7,"stat.useItem.minecraft.crafting_table":1,"stat.walkOneCm":142089,"stat.pickup.minecraft.stick":20,"stat.drop.minecraft.rotten_flesh":2,"stat.pickup.minecraft.crafting_table":4,"stat.useItem.minecraft.cobblestone":10,"stat.craftItem.minecraft.crafting_table":2,"stat.mineBlock.minecraft.double_plant":1,"stat.pickup.minecraft.log":98,"stat.pickup.minecraft.stone":18,"stat.pickup.minecraft.sapling":6,"stat.entityKilledBy.Enderman":1,"stat.pickup.minecraft.cooked_beef":3,"stat.craftItem.minecraft.planks":192,"stat.mobKills":15,"stat.mineBlock.minecraft.log":54,"stat.mineBlock.minecraft.leaves":16,"stat.pickup.mutantbeasts.mutant_skeleton_limb":1,"stat.sneakTime":1236,"stat.pickup.minecraft.wool":1,"stat.useItem.minecraft.wooden_axe":50,"stat.mineBlock.minecraft.stone":66,"stat.drop.minecraft.grass":1}