{"stat.walkOneCm":12161,"stat.craftItem.minecraft.planks":24,"stat.leaveGame":1,"stat.damageTaken":70,"stat.craftItem.minecraft.crafting_table":1,"stat.mineBlock.minecraft.log":6,"stat.pickup.minecraft.log":6,"stat.flyOneCm":473,"stat.jump":46,"stat.mineBlock.minecraft.leaves":5,"stat.playOneMinute":7935,"stat.fallOneCm":1469,"stat.sneakTime":71,"stat.damageDealt":0,"stat.crouchOneCm":141,"stat.timeSinceDeath":7935,"stat.pickup.minecraft.sapling":1,"stat.pickup.minecraft.dirt":12,"stat.useItem.minecraft.dirt":5,"stat.sprintOneCm":1873,"stat.mineBlock.minecraft.dirt":12,"stat.useItem.minecraft.stone_slab2":2,"stat.craftItem.minecraft.stick":4}