{"stat.walkOneCm":53935,"stat.pickup.minecraft.bone":2,"stat.pickup.minecraft.wooden_axe":1,"stat.leaveGame":2,"stat.pickup.minecraft.crafting_table":1,"stat.pickup.minecraft.stone_pickaxe":1,"stat.pickup.minecraft.stone_axe":1,"stat.mineBlock.minecraft.double_plant":1,"stat.pickup.gravestone.death_info":1,"stat.pickup.minecraft.log":31,"stat.swimOneCm":5051,"stat.jump":214,"stat.climbOneCm":33,"stat.fallOneCm":1768,"stat.pickup.minecraft.beef":13,"stat.crouchOneCm":462,"stat.pickup.minecraft.sapling":1,"stat.pickup.minecraft.dirt":9,"stat.sprintOneCm":33457,"stat.useItem.minecraft.stone_slab2":3,"stat.craftItem.minecraft.stick":4,"stat.craftingTableInteraction":1,"stat.pickup.minecraft.rotten_flesh":1,"stat.craftItem.minecraft.planks":80,"stat.damageTaken":382,"stat.mineBlock.minecraft.crafting_table":1,"stat.pickup.minecraft.leather":4,"stat.drop.minecraft.bone":2,"stat.useItem.minecraft.wooden_pickaxe":20,"stat.mobKills":8,"stat.pickup.minecraft.cobblestone":13,"stat.mineBlock.minecraft.log":19,"stat.flyOneCm":28246,"stat.deaths":1,"stat.pickup.minecraft.wheat_seeds":3,"stat.drop":5,"stat.mineBlock.minecraft.leaves":8,"stat.playOneMinute":30627,"stat.entityKilledBy.Zombie":1,"stat.drop.minecraft.wheat_seeds":3,"stat.killEntity.Sheep":1,"stat.sneakTime":174,"stat.pickup.minecraft.wool":1,"stat.damageDealt":612,"stat.timeSinceDeath":13168,"stat.useItem.minecraft.wooden_axe":36,"stat.killEntity.Cow":6,"stat.mineBlock.minecraft.dirt":6,"stat.craftItem.minecraft.wooden_pickaxe":1,"stat.mineBlock.minecraft.stone":13,"stat.mineBlock.minecraft.tallgrass":37,"stat.diveOneCm":4376,"stat.pickup.minecraft.mutton":2}