{"stat.chestOpened":11,"stat.pickup.minecraft.pumpkin":4,"stat.useItem.minecraft.cooked_rabbit":1,"stat.craftItem.minecraft.ladder":18,"stat.craftItem.minecraft.cooked_rabbit":1,"stat.leaveGame":2,"stat.pickup.minecraft.gravel":1,"stat.mineBlock.minecraft.pumpkin":5,"stat.mineBlock.minecraft.cobblestone":7,"stat.pickup.minecraft.lapis_block":1,"stat.jump":518,"stat.pickup.minecraft.coal":6,"stat.fallOneCm":9276,"stat.climbOneCm":11941,"stat.craftItem.minecraft.shield":1,"stat.pickup.minecraft.glowstone_dust":4,"stat.useItem.minecraft.stone_axe":60,"stat.crouchOneCm":801,"stat.mineBlock.minecraft.chest":1,"stat.killEntity.FlyingSpider":1,"stat.mineBlock.treasure2.gravestone1_mossy_cobblestone":1,"stat.craftItem.minecraft.chest":1,"stat.craftItem.minecraft.iron_ingot":5,"stat.pickup.minecraft.dirt":26,"stat.useItem.minecraft.dirt":11,"stat.useItem.minecraft.stone_slab2":12,"stat.craftingTableInteraction":17,"stat.killEntity.primitivemobs.chameleon":1,"stat.craftItem.minecraft.furnace":1,"stat.pickup.treasure2.gravestone3_stone":2,"stat.craftItem.minecraft.stone_axe":1,"stat.damageTaken":497,"stat.craftItem.minecraft.stone_pickaxe":1,"stat.mineBlock.minecraft.furnace":1,"stat.useItem.minecraft.wooden_pickaxe":23,"stat.pickup.minecraft.cobblestone":99,"stat.pickup.dungeontactics.iron_cluster":5,"stat.mineBlock.treasure2.gravestone2_stone":1,"stat.pickup.treasure2.gravestone2_stone":1,"stat.craftItem.minecraft.stone_sword":1,"stat.mineBlock.treasure2.gravestone3_polished_andesite":1,"stat.flyOneCm":48217,"stat.pickup.minecraft.wheat_seeds":1,"stat.mineBlock.treasure2.gravestone1_polished_granite":1,"stat.mineBlock.minecraft.gravel":1,"stat.useItem.minecraft.stone_pickaxe":126,"stat.useItem.minecraft.stone_sword":2,"stat.damageDealt":1006,"stat.killEntity.Rabbit":1,"stat.killEntity.bound_soul":1,"stat.mineBlock.minecraft.iron_ore":6,"stat.timeSinceDeath":42427,"stat.mineBlock.minecraft.dirt":26,"stat.craftItem.minecraft.wooden_pickaxe":1,"stat.drop.minecraft.spider_eye":2,"stat.walkOneCm":120262,"stat.mineBlock.treasure2.gravestone1_stone":1,"stat.useItem.minecraft.log":2,"stat.pickup.minecraft.crafting_table":5,"stat.useItem.minecraft.cobblestone":24,"stat.pickup.minecraft.stonebrick":1,"stat.craftItem.minecraft.crafting_table":2,"stat.furnaceInteraction":7,"stat.mineBlock.minecraft.coal_ore":4,"stat.pickup.treasure2.gravestone1_stone":3,"stat.pickup.minecraft.log":30,"stat.mineBlock.minecraft.lapis_block":1,"stat.killEntity.primitivemobs.grovesprite":1,"stat.mineBlock.minecraft.ladder":1,"stat.mineBlock.treasure2.gravestone1_spawner_stone":2,"stat.pickup.minecraft.furnace":1,"stat.craftItem.minecraft.stone_slab2":0,"stat.pickup.minecraft.stone":8,"stat.pickup.minecraft.sapling":2,"stat.sprintOneCm":31051,"stat.pickup.minecraft.ladder":1,"stat.craftItem.minecraft.stick":56,"stat.pickup.treasure2.gravestone1_mossy_cobblestone":1,"stat.mineBlock.treasure2.gravestone3_stone":2,"stat.pickup.treasure2.gravestone3_polished_andesite":1,"stat.mineBlock.minecraft.stonebrick":1,"stat.craftItem.minecraft.planks":68,"stat.useItem.minecraft.snowball":7,"stat.mineBlock.minecraft.crafting_table":5,"stat.mineBlock.minecraft.glowstone":1,"stat.mobKills":6,"stat.mineBlock.minecraft.log":30,"stat.pickup.treasure2.gravestone1_polished_granite":1,"stat.deaths":1,"stat.drop":3,"stat.mineBlock.minecraft.leaves":9,"stat.playOneMinute":77077,"stat.useItem.minecraft.ladder":15,"stat.sneakTime":582,"stat.drop.minecraft.stone_axe":1,"stat.pickup.minecraft.snowball":7,"stat.mineBlock.minecraft.stone":103,"stat.mineBlock.minecraft.tallgrass":3,"stat.pickup.minecraft.chest":1}