{"stat.pickup.minecraft.bone":81,"stat.pickup.minecraft.wooden_slab":46,"stat.pickup.aquaculture.gold_fishing_rod":4,"stat.leaveGame":5,"stat.mineBlock.minecraft.pumpkin":9,"stat.mineBlock.minecraft.cobblestone":14,"stat.drop.minecraft.gunpowder":1,"stat.pickup.minecraft.stone_pickaxe":12,"stat.killEntity.mutantbeasts.mutant_skeleton":1,"stat.pickup.mutantbeasts.mutant_skeleton_pelvis":3,"stat.pickup.gravestone.death_info":42,"stat.pickup.minecraft.fishing_rod":2,"stat.swimOneCm":64558,"stat.climbOneCm":54609,"stat.useItem.minecraft.planks":82,"stat.pickup.minecraft.enchanted_book":1,"stat.pickup.minecraft.glowstone_dust":1,"stat.mineBlock.gravestone.gravestone":11,"stat.entityKilledBy.mutantbeasts.mutant_zombie":2,"stat.useItem.minecraft.dirt":49,"stat.useItem.minecraft.stone_slab2":154,"stat.useItem.minecraft.water_bucket":33,"stat.pickup.minecraft.rotten_flesh":91,"stat.craftItem.minecraft.furnace":1,"stat.entityKilledBy.Spider":1,"stat.pickup.mutantbeasts.mutant_skeleton_leggings":4,"stat.pickup.minecraft.bucket":2,"stat.craftItem.minecraft.cooked_beef":11,"stat.pickup.minecraft.cobblestone":222,"stat.mineBlock.minecraft.wooden_slab":6,"stat.pickup.mutantbeasts.mutant_skeleton_rib":14,"stat.flyOneCm":327810,"stat.drop.minecraft.wheat_seeds":5,"stat.craftItem.toughasnails.campfire":3,"stat.useItem.minecraft.cooked_beef":1,"stat.craftItem.minecraft.wooden_slab":108,"stat.timeSinceDeath":1676,"stat.craftItem.minecraft.wooden_pickaxe":1,"stat.useItem.minecraft.wooden_slab":141,"stat.pickup.minecraft.mutton":12,"stat.drop.minecraft.coal":1,"stat.drop.gravestone.death_info":8,"stat.pickup.cgm.basic_ammo":610,"stat.pickup.minecraft.wooden_axe":8,"stat.furnaceInteraction":32,"stat.mineBlock.minecraft.coal_ore":17,"stat.pickup.minecraft.string":12,"stat.mineBlock.minecraft.ladder":1,"stat.pickup.toughasnails.campfire":2,"stat.pickup.minecraft.beef":18,"stat.pickup.minecraft.furnace":5,"stat.entityKilledBy.Skeleton":5,"stat.craftItem.minecraft.stone_slab2":0,"stat.sprintOneCm":197304,"stat.craftItem.minecraft.stick":152,"stat.craftItem.minecraft.stone":14,"stat.mineBlock.minecraft.crafting_table":2,"stat.deaths":26,"stat.mineBlock.minecraft.planks":10,"stat.drop":40,"stat.playOneMinute":200264,"stat.drop.minecraft.string":2,"stat.killEntity.Sheep":1,"stat.entityKilledBy.mutantbeasts.mutant_creeper":1,"stat.killEntity.Zombie":4,"stat.mineBlock.minecraft.tallgrass":89,"stat.craftItem.minecraft.cooked_mutton":5,"stat.craftItem.forge.bucketfilled":1,"stat.diveOneCm":94779,"stat.pickup.minecraft.cooked_mutton":12,"stat.chestOpened":29,"stat.pickup.minecraft.pumpkin":73,"stat.pickup.minecraft.arrow":9,"stat.pickup.minecraft.stone_axe":12,"stat.useItem.minecraft.apple":1,"stat.mineBlock.minecraft.deadbush":1,"stat.useItem.minecraft.rotten_flesh":4,"stat.jump":1840,"stat.pickup.minecraft.coal":68,"stat.fallOneCm":86414,"stat.useItem.minecraft.stone_axe":90,"stat.pickup.minecraft.gunpowder":32,"stat.crouchOneCm":18867,"stat.mineBlock.minecraft.chest":2,"stat.craftItem.minecraft.torch":36,"stat.pickup.minecraft.dirt":308,"stat.craftingTableInteraction":14,"stat.drop.toughasnails.campfire":1,"stat.mineBlock.minecraft.leaves2":2,"stat.mineBlock.minecraft.log2":7,"stat.damageTaken":7840,"stat.pickup.minecraft.leather":25,"stat.drop.minecraft.bone":2,"stat.mineBlock.minecraft.furnace":3,"stat.mineBlock.minecraft.torch":2,"stat.mineBlock.minecraft.red_flower":1,"stat.useItem.minecraft.wooden_pickaxe":27,"stat.drop.minecraft.water_bucket":8,"stat.mineBlock.minecraft.sapling":1,"stat.pickup.minecraft.log2":7,"stat.pickup.minecraft.planks":482,"stat.pickup.minecraft.reeds":36,"stat.pickup.minecraft.wheat_seeds":23,"stat.useItem.forge.bucketfilled":1,"stat.craftItem.aquaculture.gold_fishing_rod":1,"stat.entityKilledBy.Zombie":5,"stat.useItem.minecraft.stone_pickaxe":80,"stat.useItem.toughasnails.campfire":1,"stat.damageDealt":1574,"stat.killEntity.Cow":7,"stat.mineBlock.minecraft.dirt":16,"stat.useItem.minecraft.crafting_table":1,"stat.entityKilledBy.mutantbeasts.endersoul_clone":1,"stat.walkOneCm":341043,"stat.useItem.minecraft.torch":15,"stat.playerKills":3,"stat.useItem.minecraft.chest":1,"stat.pickup.minecraft.stick":346,"stat.drop.minecraft.rotten_flesh":2,"stat.pickup.minecraft.crafting_table":5,"stat.useItem.minecraft.cobblestone":36,"stat.craftItem.minecraft.crafting_table":2,"stat.mineBlock.minecraft.double_plant":4,"stat.pickup.cgm.handgun":9,"stat.useItem.minecraft.lava_bucket":4,"stat.pickup.minecraft.log":139,"stat.pickup.minecraft.tnt":9,"stat.pickup.minecraft.stone":20,"stat.drop.minecraft.sapling":9,"stat.pickup.minecraft.sapling":37,"stat.entityKilledBy.Enderman":1,"stat.pickup.minecraft.cooked_beef":3,"stat.pickup.minecraft.apple":5,"stat.pickup.minecraft.ladder":4,"stat.pickup.minecraft.gold_ingot":9,"stat.killEntity.Skeleton":1,"stat.pickup.minecraft.record_mellohi":1,"stat.craftItem.minecraft.planks":264,"stat.killEntity.Spider":1,"stat.mobKills":17,"stat.mineBlock.minecraft.log":72,"stat.pickup.minecraft.water_bucket":9,"stat.mineBlock.minecraft.leaves":25,"stat.pickup.minecraft.iron_horse_armor":1,"stat.pickup.minecraft.torch":179,"stat.craftItem.mutantbeasts.mutant_skeleton_leggings":1,"stat.pickup.mutantbeasts.mutant_skeleton_limb":16,"stat.pickup.minecraft.red_flower":5,"stat.sneakTime":8588,"stat.pickup.minecraft.wool":4,"stat.useItem.minecraft.wooden_axe":50,"stat.mineBlock.minecraft.stone":66,"stat.drop.minecraft.grass":1,"stat.pickup.minecraft.chest":2}