{"stat.pickup.minecraft.rotten_flesh":1,"stat.walkOneCm":22935,"stat.leaveGame":2,"stat.damageTaken":382,"stat.mobKills":1,"stat.pickup.gravestone.death_info":1,"stat.flyOneCm":11059,"stat.deaths":1,"stat.jump":75,"stat.swimOneCm":897,"stat.playOneMinute":21633,"stat.fallOneCm":663,"stat.entityKilledBy.Zombie":1,"stat.damageDealt":66,"stat.timeSinceDeath":4174,"stat.pickup.minecraft.dirt":5,"stat.sprintOneCm":9837,"stat.mineBlock.minecraft.dirt":2,"stat.useItem.minecraft.stone_slab2":1,"stat.mineBlock.minecraft.tallgrass":31,"stat.diveOneCm":149}