{"stat.pickup.minecraft.bone":12,"stat.leaveGame":5,"stat.pickup.minecraft.stone_pickaxe":3,"stat.killEntity.mutantbeasts.mutant_skeleton":1,"stat.pickup.gravestone.death_info":18,"stat.swimOneCm":32356,"stat.climbOneCm":431,"stat.useItem.minecraft.planks":16,"stat.pickup.minecraft.glowstone_dust":1,"stat.mineBlock.gravestone.gravestone":2,"stat.entityKilledBy.mutantbeasts.mutant_zombie":2,"stat.useItem.minecraft.dirt":6,"stat.useItem.minecraft.stone_slab2":137,"stat.pickup.minecraft.rotten_flesh":20,"stat.craftItem.minecraft.furnace":1,"stat.entityKilledBy.Spider":1,"stat.craftItem.minecraft.cooked_beef":11,"stat.pickup.minecraft.cobblestone":73,"stat.flyOneCm":192430,"stat.drop.minecraft.wheat_seeds":3,"stat.craftItem.toughasnails.campfire":1,"stat.useItem.minecraft.cooked_beef":1,"stat.timeSinceDeath":4964,"stat.craftItem.minecraft.wooden_pickaxe":1,"stat.pickup.minecraft.mutton":2,"stat.drop.gravestone.death_info":1,"stat.pickup.minecraft.wooden_axe":1,"stat.furnaceInteraction":16,"stat.mineBlock.minecraft.coal_ore":7,"stat.pickup.minecraft.string":7,"stat.pickup.minecraft.beef":18,"stat.pickup.minecraft.furnace":3,"stat.entityKilledBy.Skeleton":1,"stat.craftItem.minecraft.stone_slab2":0,"stat.sprintOneCm":100668,"stat.craftItem.minecraft.stick":60,"stat.craftItem.minecraft.stone":14,"stat.mineBlock.minecraft.crafting_table":2,"stat.deaths":11,"stat.mineBlock.minecraft.planks":6,"stat.drop":9,"stat.playOneMinute":90464,"stat.drop.minecraft.string":2,"stat.killEntity.Sheep":1,"stat.entityKilledBy.mutantbeasts.mutant_creeper":1,"stat.killEntity.Zombie":3,"stat.mineBlock.minecraft.tallgrass":62,"stat.craftItem.minecraft.cooked_mutton":2,"stat.diveOneCm":16747,"stat.pickup.minecraft.arrow":4,"stat.pickup.minecraft.stone_axe":3,"stat.jump":900,"stat.pickup.minecraft.coal":14,"stat.fallOneCm":12727,"stat.useItem.minecraft.stone_axe":59,"stat.pickup.minecraft.gunpowder":3,"stat.crouchOneCm":1291,"stat.pickup.minecraft.dirt":49,"stat.craftingTableInteraction":3,"stat.mineBlock.minecraft.leaves2":2,"stat.mineBlock.minecraft.log2":7,"stat.damageTaken":3017,"stat.pickup.minecraft.leather":6,"stat.drop.minecraft.bone":2,"stat.mineBlock.minecraft.furnace":3,"stat.useItem.minecraft.wooden_pickaxe":27,"stat.mineBlock.minecraft.sapling":1,"stat.pickup.minecraft.log2":7,"stat.pickup.minecraft.planks":118,"stat.pickup.minecraft.wheat_seeds":6,"stat.entityKilledBy.Zombie":3,"stat.useItem.minecraft.stone_pickaxe":45,"stat.damageDealt":1534,"stat.killEntity.Cow":7,"stat.mineBlock.minecraft.dirt":7,"stat.useItem.minecraft.crafting_table":1,"stat.walkOneCm":130110,"stat.pickup.minecraft.stick":4,"stat.pickup.minecraft.crafting_table":3,"stat.useItem.minecraft.cobblestone":10,"stat.craftItem.minecraft.crafting_table":2,"stat.mineBlock.minecraft.double_plant":1,"stat.pickup.minecraft.log":71,"stat.pickup.minecraft.stone":15,"stat.pickup.minecraft.sapling":4,"stat.entityKilledBy.Enderman":1,"stat.pickup.minecraft.cooked_beef":3,"stat.craftItem.minecraft.planks":116,"stat.mobKills":15,"stat.mineBlock.minecraft.log":54,"stat.mineBlock.minecraft.leaves":16,"stat.pickup.mutantbeasts.mutant_skeleton_limb":1,"stat.sneakTime":872,"stat.pickup.minecraft.wool":1,"stat.useItem.minecraft.wooden_axe":48,"stat.mineBlock.minecraft.stone":55,"stat.drop.minecraft.grass":1}