{"stat.chestOpened":9,"stat.pickup.minecraft.pumpkin":4,"stat.craftItem.minecraft.ladder":18,"stat.leaveGame":2,"stat.mineBlock.minecraft.pumpkin":5,"stat.mineBlock.minecraft.cobblestone":5,"stat.jump":391,"stat.fallOneCm":7637,"stat.climbOneCm":6317,"stat.useItem.minecraft.stone_axe":59,"stat.crouchOneCm":570,"stat.mineBlock.minecraft.chest":1,"stat.killEntity.FlyingSpider":1,"stat.mineBlock.treasure2.gravestone1_mossy_cobblestone":1,"stat.craftItem.minecraft.chest":1,"stat.pickup.minecraft.dirt":25,"stat.useItem.minecraft.dirt":11,"stat.useItem.minecraft.stone_slab2":10,"stat.craftingTableInteraction":9,"stat.killEntity.primitivemobs.chameleon":1,"stat.pickup.treasure2.gravestone3_stone":1,"stat.craftItem.minecraft.stone_axe":1,"stat.damageTaken":462,"stat.craftItem.minecraft.stone_pickaxe":1,"stat.useItem.minecraft.wooden_pickaxe":23,"stat.pickup.minecraft.cobblestone":77,"stat.pickup.dungeontactics.iron_cluster":1,"stat.mineBlock.treasure2.gravestone2_stone":1,"stat.pickup.treasure2.gravestone2_stone":1,"stat.flyOneCm":42368,"stat.pickup.minecraft.wheat_seeds":1,"stat.useItem.minecraft.stone_pickaxe":77,"stat.damageDealt":905,"stat.killEntity.bound_soul":1,"stat.mineBlock.minecraft.iron_ore":1,"stat.timeSinceDeath":18127,"stat.mineBlock.minecraft.dirt":26,"stat.craftItem.minecraft.wooden_pickaxe":1,"stat.walkOneCm":61527,"stat.useItem.minecraft.log":2,"stat.pickup.minecraft.crafting_table":4,"stat.useItem.minecraft.cobblestone":14,"stat.craftItem.minecraft.crafting_table":1,"stat.pickup.treasure2.gravestone1_stone":2,"stat.pickup.minecraft.log":30,"stat.killEntity.primitivemobs.grovesprite":1,"stat.mineBlock.minecraft.ladder":1,"stat.mineBlock.treasure2.gravestone1_spawner_stone":2,"stat.pickup.minecraft.sapling":2,"stat.sprintOneCm":22209,"stat.pickup.minecraft.ladder":1,"stat.craftItem.minecraft.stick":56,"stat.pickup.treasure2.gravestone1_mossy_cobblestone":1,"stat.mineBlock.treasure2.gravestone3_stone":1,"stat.craftItem.minecraft.planks":68,"stat.mineBlock.minecraft.crafting_table":4,"stat.mobKills":5,"stat.mineBlock.minecraft.log":30,"stat.deaths":1,"stat.drop":1,"stat.mineBlock.minecraft.leaves":9,"stat.playOneMinute":52777,"stat.useItem.minecraft.ladder":12,"stat.sneakTime":316,"stat.drop.minecraft.stone_axe":1,"stat.mineBlock.minecraft.stone":75,"stat.mineBlock.minecraft.tallgrass":3,"stat.pickup.minecraft.chest":1}