{"stat.chestOpened":3,"stat.pickup.minecraft.pumpkin":4,"stat.leaveGame":2,"stat.mineBlock.minecraft.pumpkin":5,"stat.mineBlock.minecraft.cobblestone":1,"stat.jump":311,"stat.fallOneCm":7428,"stat.useItem.minecraft.stone_axe":53,"stat.crouchOneCm":453,"stat.mineBlock.minecraft.chest":1,"stat.killEntity.FlyingSpider":1,"stat.craftItem.minecraft.chest":1,"stat.pickup.minecraft.dirt":21,"stat.useItem.minecraft.dirt":11,"stat.useItem.minecraft.stone_slab2":6,"stat.craftingTableInteraction":4,"stat.killEntity.primitivemobs.chameleon":1,"stat.craftItem.minecraft.stone_axe":1,"stat.damageTaken":462,"stat.craftItem.minecraft.stone_pickaxe":1,"stat.useItem.minecraft.wooden_pickaxe":23,"stat.pickup.minecraft.cobblestone":19,"stat.pickup.dungeontactics.iron_cluster":1,"stat.flyOneCm":39141,"stat.pickup.minecraft.wheat_seeds":1,"stat.useItem.minecraft.stone_pickaxe":7,"stat.damageDealt":905,"stat.killEntity.bound_soul":1,"stat.mineBlock.minecraft.iron_ore":1,"stat.timeSinceDeath":5527,"stat.mineBlock.minecraft.dirt":22,"stat.craftItem.minecraft.wooden_pickaxe":1,"stat.walkOneCm":49814,"stat.useItem.minecraft.log":2,"stat.pickup.minecraft.crafting_table":4,"stat.useItem.minecraft.cobblestone":3,"stat.craftItem.minecraft.crafting_table":1,"stat.pickup.minecraft.log":24,"stat.killEntity.primitivemobs.grovesprite":1,"stat.pickup.minecraft.sapling":2,"stat.sprintOneCm":18777,"stat.craftItem.minecraft.stick":8,"stat.craftItem.minecraft.planks":28,"stat.mineBlock.minecraft.crafting_table":4,"stat.mobKills":5,"stat.mineBlock.minecraft.log":24,"stat.deaths":1,"stat.drop":1,"stat.mineBlock.minecraft.leaves":9,"stat.playOneMinute":40177,"stat.sneakTime":252,"stat.drop.minecraft.stone_axe":1,"stat.mineBlock.minecraft.stone":19,"stat.mineBlock.minecraft.tallgrass":2,"stat.pickup.minecraft.chest":1}