{"stat.drop.minecraft.mutton":3,"stat.pickup.minecraft.wooden_slab":244,"stat.pickup.aquaculture.gold_fishing_rod":13,"stat.leaveGame":13,"stat.drop.minecraft.gunpowder":1,"stat.killEntity.mutantbeasts.mutant_skeleton":1,"stat.pickup.mutantbeasts.mutant_skeleton_pelvis":6,"stat.pickup.gravestone.death_info":106,"stat.useItem.minecraft.mutton":4,"stat.pickup.minecraft.fishing_rod":3,"stat.useItem.minecraft.planks":131,"stat.pickup.minecraft.glowstone_dust":17,"stat.pickup.minecraft.porkchop":1,"stat.pickup.minecraft.glass":103,"stat.mineBlock.gravestone.gravestone":43,"stat.craftItem.aquaculture.iron_fishing_rod":1,"stat.useItem.minecraft.water_bucket":71,"stat.pickup.minecraft.rotten_flesh":195,"stat.pickup.minecraft.sand":64,"stat.entityKilledBy.Spider":1,"stat.pickup.minecraft.bucket":5,"stat.mineBlock.minecraft.wooden_slab":13,"stat.pickup.minecraft.leather_boots":1,"stat.mineBlock.minecraft.sand":65,"stat.killEntity.Witch":1,"stat.killEntity.Villager":1,"stat.useItem.minecraft.iron_pickaxe":373,"stat.craftItem.minecraft.wooden_pickaxe":1,"stat.drop.gravestone.death_info":27,"stat.furnaceInteraction":77,"stat.drop.minecraft.gravel":23,"stat.pickup.toughasnails.campfire":2,"stat.pickup.minecraft.beef":110,"stat.pickup.minecraft.furnace":5,"stat.pickup.aquaculture.loot":1,"stat.pickup.minecraft.iron_chestplate":7,"stat.pickup.minecraft.skull":12,"stat.entityKilledBy.mutantbeasts.mutant_skeleton":2,"stat.pickup.minecraft.potion":2,"stat.craftItem.toughasnails.purified_water_bottle":2,"stat.craftItem.toughasnails.canteen":1,"stat.useItem.minecraft.flint_and_steel":1,"stat.useItem.minecraft.dye":11,"stat.useItem.minecraft.beef":1,"stat.deaths":61,"stat.playOneMinute":582796,"stat.craftItem.minecraft.item_frame":6,"stat.drop.minecraft.string":2,"stat.craftItem.minecraft.iron_pickaxe":2,"stat.pickup.artifacts.panic_necklace":1,"stat.pickup.minecraft.glass_pane":4,"stat.pickup.minecraft.item_frame":1,"stat.drop.minecraft.glass_bottle":1,"stat.pickup.toughasnails.canteen":8,"stat.mineBlock.minecraft.tallgrass":145,"stat.craftItem.minecraft.cooked_mutton":5,"stat.pickup.minecraft.cooked_mutton":23,"stat.chestOpened":147,"stat.pickup.minecraft.pumpkin":114,"stat.useItem.minecraft.stone":4,"stat.pickup.minecraft.arrow":166,"stat.drop.minecraft.flint":4,"stat.craftItem.minecraft.iron_nugget":171,"stat.fallOneCm":340524,"stat.pickup.mutantbeasts.mutant_skeleton_shoulder_pad":8,"stat.pickup.minecraft.carrot":212,"stat.pickup.mutantbeasts.mutant_skeleton_skull":1,"stat.crouchOneCm":70778,"stat.mineBlock.minecraft.chest":3,"stat.craftItem.minecraft.iron_ingot":12,"stat.craftItem.minecraft.chest":17,"stat.pickup.minecraft.melon":290,"stat.pickup.cgm.assault_rifle":13,"stat.craftingTableInteraction":47,"stat.pickup.cgm.silencer":1,"stat.mineBlock.minecraft.log2":7,"stat.pickup.minecraft.feather":2,"stat.drop.minecraft.bone":2,"stat.pickup.minecraft.dye":97,"stat.pickup.minecraft.planks":828,"stat.pickup.minecraft.wheat_seeds":241,"stat.drop.cgm.rifle":1,"stat.mineBlock.minecraft.gravel":52,"stat.useItem.minecraft.stone_pickaxe":96,"stat.mineBlock.minecraft.glass":3,"stat.useItem.minecraft.stone_sword":20,"stat.useItem.toughasnails.campfire":1,"stat.mineBlock.minecraft.dirt":43,"stat.pickup.minecraft.flint_and_steel":7,"stat.useItem.minecraft.torch":26,"stat.pickup.minecraft.iron_nugget":148,"stat.drop.minecraft.rotten_flesh":6,"stat.pickup.minecraft.crafting_table":6,"stat.useItem.minecraft.log":8,"stat.useItem.minecraft.cobblestone":245,"stat.craftItem.minecraft.crafting_table":3,"stat.useItem.minecraft.gravel":7,"stat.mineBlock.minecraft.double_plant":7,"stat.drop.aquaculture.iron_fishing_rod":1,"stat.craftItem.firstaid.bandage":2,"stat.pickup.minecraft.log":225,"stat.drop.aquaculture.gold_fishing_rod":1,"stat.drop.minecraft.glass_pane":4,"stat.pickup.minecraft.compass":1,"stat.drop.minecraft.chicken":1,"stat.pickup.minecraft.iron_pickaxe":11,"stat.pickup.usefulbackpacks.backpack":5,"stat.craftItem.usefulbackpacks.backpack":1,"stat.drop.minecraft.sapling":9,"stat.pickup.minecraft.chicken":1,"stat.pickup.minecraft.sapling":38,"stat.entityKilledBy.Enderman":1,"stat.pickup.minecraft.apple":6,"stat.pickup.minecraft.beetroot":40,"stat.craftItem.minecraft.bucket":1,"stat.craftItem.minecraft.planks":551,"stat.entityKilledBy.Wolf":1,"stat.useItem.mutantbeasts.hulk_hammer":9,"stat.pickup.minecraft.stone_sword":13,"stat.pickup.minecraft.book":630,"stat.mineBlock.minecraft.log":155,"stat.useItem.minecraft.stone_hoe":5,"stat.craftItem.mutantbeasts.mutant_skeleton_boots":1,"stat.craftItem.mutantbeasts.mutant_skeleton_leggings":2,"stat.pickup.mutantbeasts.mutant_skeleton_limb":29,"stat.pickup.minecraft.red_flower":10,"stat.sneakTime":36204,"stat.pickup.minecraft.wool":70,"stat.pickup.minecraft.rabbit":2,"stat.useItem.minecraft.wooden_axe":50,"stat.pickup.minecraft.stone_slab":249,"stat.drop.minecraft.grass":1,"stat.pickup.minecraft.chest":21,"stat.drop.minecraft.stone_pickaxe":1,"stat.pickup.minecraft.bone":140,"stat.useItem.minecraft.iron_axe":172,"stat.mineBlock.minecraft.pumpkin":9,"stat.mineBlock.minecraft.cobblestone":27,"stat.pickup.minecraft.stone_pickaxe":21,"stat.pickup.minecraft.flint":25,"stat.mineBlock.minecraft.yellow_flower":1,"stat.craftItem.minecraft.wool":5,"stat.pickup.artifacts.drinking_hat":1,"stat.drop.minecraft.iron_nugget":1,"stat.swimOneCm":122694,"stat.climbOneCm":141069,"stat.pickup.minecraft.enchanted_book":1,"stat.pickup.minecraft.cooked_porkchop":14,"stat.pickup.mutantbeasts.mutant_skeleton_chestplate":1,"stat.entityKilledBy.mutantbeasts.mutant_zombie":2,"stat.useItem.minecraft.dirt":74,"stat.useItem.minecraft.stone_slab2":193,"stat.pickup.minecraft.stone_hoe":2,"stat.craftItem.minecraft.furnace":1,"stat.pickup.mutantbeasts.mutant_skeleton_leggings":19,"stat.drop.cgm.assault_rifle":1,"stat.craftItem.minecraft.cooked_beef":11,"stat.pickup.minecraft.shears":1,"stat.pickup.minecraft.cobblestone":1224,"stat.pickup.minecraft.record_chirp":7,"stat.pickup.mutantbeasts.mutant_skeleton_rib":32,"stat.useItem.minecraft.stone_shovel":11,"stat.flyOneCm":817838,"stat.craftItem.minecraft.glass_bottle":3,"stat.pickup.minecraft.glass_bottle":3,"stat.drop.minecraft.wheat_seeds":8,"stat.craftItem.toughasnails.campfire":3,"stat.useItem.minecraft.cooked_beef":17,"stat.craftItem.minecraft.wooden_slab":439,"stat.pickup.minecraft.cactus":12,"stat.mineBlock.minecraft.iron_ore":28,"stat.timeSinceDeath":966,"stat.useItem.minecraft.wooden_slab":410,"stat.pickup.minecraft.mutton":32,"stat.drop.minecraft.coal":1,"stat.pickup.cgm.basic_ammo":1643,"stat.useItem.minecraft.potato":15,"stat.pickup.minecraft.wooden_axe":9,"stat.drop.minecraft.dirt":52,"stat.mineBlock.minecraft.coal_ore":23,"stat.killEntity.Creeper":2,"stat.craftItem.minecraft.stone_hoe":1,"stat.pickup.minecraft.string":25,"stat.pickup.cgm.advanced_ammo":166,"stat.mineBlock.minecraft.ladder":1,"stat.drop.usefulbackpacks.backpack":2,"stat.entityKilledBy.Skeleton":8,"stat.craftItem.minecraft.stone_slab2":0,"stat.killEntity.Squid":9,"stat.killEntity.mutantbeasts.mutant_zombie":1,"stat.sprintOneCm":507202,"stat.pickup.minecraft.paper":1,"stat.mineBlock.minecraft.stone_slab":54,"stat.craftItem.minecraft.stick":160,"stat.drop.minecraft.stone_hoe":1,"stat.useItem.minecraft.stone_slab":406,"stat.craftItem.minecraft.stone":14,"stat.mineBlock.minecraft.crafting_table":2,"stat.pickup.mutantbeasts.mutant_skeleton_boots":8,"stat.entityKilledBy.Creeper":3,"stat.mineBlock.minecraft.planks":19,"stat.drop":101,"stat.killEntity.Sheep":14,"stat.entityKilledBy.mutantbeasts.mutant_creeper":1,"stat.killEntity.Zombie":20,"stat.craftItem.minecraft.dye":18,"stat.pickup.artifacts.bottled_cloud":1,"stat.craftItem.forge.bucketfilled":2,"stat.diveOneCm":168912,"stat.pickup.minecraft.wheat":48,"stat.pickup.cgm.scope":3,"stat.pickup.minecraft.gravel":159,"stat.useItem.minecraft.glass_bottle":3,"stat.pickup.minecraft.stone_axe":30,"stat.useItem.minecraft.apple":1,"stat.mineBlock.minecraft.deadbush":1,"stat.useItem.minecraft.rotten_flesh":6,"stat.jump":5676,"stat.pickup.minecraft.coal":146,"stat.pickup.minecraft.iron_ingot":148,"stat.useItem.minecraft.stone_axe":176,"stat.pickup.minecraft.gunpowder":58,"stat.craftItem.minecraft.torch":36,"stat.pickup.minecraft.dirt":515,"stat.drop.toughasnails.campfire":1,"stat.pickup.minecraft.iron_ore":128,"stat.useItem.minecraft.glass":23,"stat.craftItem.minecraft.flint_and_steel":1,"stat.pickup.minecraft.iron_axe":8,"stat.mineBlock.minecraft.leaves2":2,"stat.damageTaken":18545,"stat.pickup.minecraft.leather":105,"stat.mineBlock.minecraft.furnace":3,"stat.mineBlock.minecraft.torch":7,"stat.mineBlock.minecraft.red_flower":2,"stat.mineBlock.minecraft.melon_block":16,"stat.useItem.minecraft.wooden_pickaxe":27,"stat.drop.minecraft.water_bucket":8,"stat.mineBlock.minecraft.sapling":1,"stat.pickup.minecraft.log2":7,"stat.pickup.minecraft.reeds":36,"stat.useItem.forge.bucketfilled":4,"stat.craftItem.aquaculture.gold_fishing_rod":1,"stat.pickup.minecraft.potato":169,"stat.entityKilledBy.Zombie":12,"stat.pickup.minecraft.rabbit_hide":1,"stat.damageDealt":3396,"stat.craftItem.minecraft.glass":31,"stat.sleepInBed":35,"stat.killEntity.Cow":21,"stat.useItem.minecraft.crafting_table":1,"stat.pickup.aquaculture.food":71,"stat.craftItem.minecraft.stone_slab":354,"stat.entityKilledBy.mutantbeasts.endersoul_clone":2,"stat.walkOneCm":1303756,"stat.playerKills":6,"stat.useItem.minecraft.chest":13,"stat.pickup.minecraft.stick":705,"stat.useItem.minecraft.pumpkin":1,"stat.craftItem.firstaid.plaster":2,"stat.pickup.cgm.handgun":27,"stat.useItem.minecraft.lava_bucket":15,"stat.pickup.cgm.rifle":9,"stat.useItem.minecraft.melon":7,"stat.pickup.minecraft.tnt":9,"stat.useItem.minecraft.item_frame":5,"stat.pickup.minecraft.stone":123,"stat.craftItem.minecraft.iron_chestplate":1,"stat.mineBlock.minecraft.wool":2,"stat.pickup.minecraft.cooked_beef":124,"stat.pickup.minecraft.ladder":20,"stat.useItem.minecraft.cactus":1,"stat.pickup.minecraft.gold_ingot":11,"stat.pickup.mutantbeasts.hulk_hammer":5,"stat.killEntity.Skeleton":4,"stat.pickup.minecraft.record_mellohi":1,"stat.killEntity.Chicken":1,"stat.killEntity.Spider":1,"stat.mobKills":87,"stat.mineBlock.minecraft.bookshelf":14,"stat.pickup.minecraft.water_bucket":14,"stat.mineBlock.minecraft.leaves":50,"stat.pickup.minecraft.iron_horse_armor":1,"stat.pickup.minecraft.beetroot_seeds":160,"stat.pickup.minecraft.torch":766,"stat.drop.minecraft.beef":5,"stat.drop.minecraft.arrow":1,"stat.mineBlock.minecraft.stone":336}