{"stat.walkOneCm":82475,"stat.pickup.minecraft.bone":2,"stat.pickup.minecraft.wooden_axe":1,"stat.leaveGame":2,"stat.pickup.minecraft.crafting_table":2,"stat.pickup.minecraft.stone_pickaxe":1,"stat.pickup.minecraft.stone_axe":1,"stat.furnaceInteraction":16,"stat.mineBlock.minecraft.double_plant":1,"stat.pickup.gravestone.death_info":1,"stat.pickup.minecraft.log":33,"stat.swimOneCm":10082,"stat.jump":372,"stat.climbOneCm":33,"stat.fallOneCm":3082,"stat.useItem.minecraft.planks":7,"stat.pickup.minecraft.beef":18,"stat.pickup.minecraft.furnace":3,"stat.craftItem.minecraft.stone_slab2":0,"stat.useItem.minecraft.stone_axe":22,"stat.pickup.minecraft.stone":9,"stat.crouchOneCm":1291,"stat.pickup.minecraft.sapling":1,"stat.pickup.minecraft.dirt":9,"stat.useItem.minecraft.dirt":3,"stat.sprintOneCm":43354,"stat.useItem.minecraft.stone_slab2":8,"stat.pickup.minecraft.cooked_beef":3,"stat.craftItem.minecraft.stick":4,"stat.craftingTableInteraction":2,"stat.pickup.minecraft.rotten_flesh":1,"stat.craftItem.minecraft.furnace":1,"stat.craftItem.minecraft.planks":80,"stat.craftItem.minecraft.stone":14,"stat.damageTaken":586,"stat.mineBlock.minecraft.crafting_table":2,"stat.pickup.minecraft.leather":6,"stat.drop.minecraft.bone":2,"stat.mineBlock.minecraft.furnace":3,"stat.useItem.minecraft.wooden_pickaxe":27,"stat.craftItem.minecraft.cooked_beef":11,"stat.mobKills":15,"stat.pickup.minecraft.cobblestone":35,"stat.mineBlock.minecraft.log":21,"stat.pickup.minecraft.planks":69,"stat.flyOneCm":49133,"stat.deaths":2,"stat.mineBlock.minecraft.planks":5,"stat.pickup.minecraft.wheat_seeds":3,"stat.drop":5,"stat.mineBlock.minecraft.leaves":8,"stat.playOneMinute":54927,"stat.entityKilledBy.Zombie":1,"stat.drop.minecraft.wheat_seeds":3,"stat.killEntity.Sheep":1,"stat.useItem.minecraft.stone_pickaxe":15,"stat.useItem.minecraft.cooked_beef":1,"stat.sneakTime":653,"stat.pickup.minecraft.wool":1,"stat.damageDealt":1496,"stat.killEntity.Zombie":2,"stat.timeSinceDeath":1215,"stat.useItem.minecraft.wooden_axe":48,"stat.killEntity.Cow":7,"stat.mineBlock.minecraft.dirt":6,"stat.craftItem.minecraft.wooden_pickaxe":1,"stat.mineBlock.minecraft.stone":32,"stat.mineBlock.minecraft.tallgrass":47,"stat.craftItem.minecraft.cooked_mutton":2,"stat.diveOneCm":5297,"stat.pickup.minecraft.mutton":2}