{"stat.chestOpened":11,"stat.pickup.minecraft.pumpkin":4,"stat.useItem.minecraft.cooked_rabbit":1,"stat.craftItem.minecraft.ladder":18,"stat.craftItem.minecraft.cooked_rabbit":1,"stat.leaveGame":3,"stat.pickup.minecraft.gravel":1,"stat.mineBlock.minecraft.pumpkin":5,"stat.mineBlock.minecraft.cobblestone":12,"stat.pickup.minecraft.lapis_block":1,"stat.jump":546,"stat.pickup.minecraft.coal":13,"stat.fallOneCm":9611,"stat.climbOneCm":12390,"stat.craftItem.minecraft.shield":1,"stat.pickup.minecraft.glowstone_dust":4,"stat.pickup.minecraft.carrot":3,"stat.useItem.minecraft.stone_axe":60,"stat.crouchOneCm":5013,"stat.mineBlock.minecraft.chest":1,"stat.killEntity.FlyingSpider":1,"stat.mineBlock.treasure2.gravestone1_mossy_cobblestone":1,"stat.craftItem.minecraft.chest":1,"stat.craftItem.minecraft.iron_ingot":5,"stat.pickup.minecraft.dirt":26,"stat.useItem.minecraft.dirt":11,"stat.useItem.minecraft.stone_slab2":15,"stat.craftingTableInteraction":18,"stat.killEntity.primitivemobs.skeleton_warrior":1,"stat.killEntity.primitivemobs.chameleon":1,"stat.craftItem.minecraft.furnace":1,"stat.mineBlock.minecraft.iron_bars":4,"stat.pickup.treasure2.gravestone3_stone":2,"stat.craftItem.minecraft.stone_axe":1,"stat.damageTaken":1153,"stat.craftItem.minecraft.stone_pickaxe":1,"stat.mineBlock.minecraft.furnace":2,"stat.useItem.minecraft.wooden_pickaxe":23,"stat.pickup.minecraft.cobblestone":161,"stat.pickup.dungeontactics.iron_cluster":18,"stat.mineBlock.treasure2.gravestone2_stone":1,"stat.pickup.treasure2.gravestone2_stone":1,"stat.craftItem.minecraft.stone_sword":1,"stat.mineBlock.treasure2.gravestone3_polished_andesite":1,"stat.flyOneCm":52178,"stat.pickup.minecraft.wheat_seeds":4,"stat.mineBlock.treasure2.gravestone1_polished_granite":1,"stat.pickup.minecraft.potato":1,"stat.mineBlock.minecraft.gravel":1,"stat.useItem.minecraft.stone_pickaxe":131,"stat.useItem.minecraft.stone_sword":34,"stat.damageDealt":1953,"stat.killEntity.Rabbit":1,"stat.killEntity.bound_soul":1,"stat.mineBlock.minecraft.iron_ore":19,"stat.timeSinceDeath":163,"stat.craftItem.minecraft.baked_potato":1,"stat.mineBlock.minecraft.dirt":26,"stat.useItem.minecraft.iron_pickaxe":99,"stat.craftItem.minecraft.wooden_pickaxe":1,"stat.drop.minecraft.spider_eye":2,"stat.walkOneCm":143496,"stat.mineBlock.treasure2.gravestone1_stone":1,"stat.useItem.minecraft.log":2,"stat.pickup.minecraft.crafting_table":6,"stat.useItem.minecraft.cobblestone":36,"stat.pickup.minecraft.stonebrick":6,"stat.craftItem.minecraft.crafting_table":2,"stat.furnaceInteraction":9,"stat.mineBlock.minecraft.coal_ore":11,"stat.pickup.treasure2.gravestone1_stone":3,"stat.pickup.minecraft.log":30,"stat.mineBlock.minecraft.lapis_block":1,"stat.killEntity.primitivemobs.grovesprite":1,"stat.mineBlock.minecraft.ladder":2,"stat.mineBlock.treasure2.gravestone1_spawner_stone":2,"stat.pickup.minecraft.furnace":2,"stat.craftItem.minecraft.stone_slab2":0,"stat.pickup.minecraft.stone":18,"stat.pickup.minecraft.sapling":2,"stat.sprintOneCm":37308,"stat.pickup.minecraft.ladder":2,"stat.craftItem.minecraft.stick":56,"stat.pickup.treasure2.gravestone1_mossy_cobblestone":1,"stat.mineBlock.treasure2.gravestone3_stone":2,"stat.pickup.treasure2.gravestone3_polished_andesite":1,"stat.mineBlock.minecraft.stonebrick":7,"stat.craftItem.minecraft.planks":68,"stat.useItem.minecraft.snowball":7,"stat.mineBlock.minecraft.crafting_table":6,"stat.mineBlock.minecraft.glowstone":1,"stat.useItem.minecraft.carrot":3,"stat.mobKills":9,"stat.entityKilledBy.BruteSkeleton":1,"stat.mineBlock.minecraft.log":30,"stat.pickup.treasure2.gravestone1_polished_granite":1,"stat.deaths":2,"stat.drop":3,"stat.mineBlock.minecraft.leaves":9,"stat.pickup.dungeontactics.bag_quiver":1,"stat.playOneMinute":97671,"stat.useItem.minecraft.ladder":19,"stat.sneakTime":2779,"stat.craftItem.minecraft.iron_pickaxe":1,"stat.drop.minecraft.stone_axe":1,"stat.useItem.minecraft.baked_potato":1,"stat.pickup.minecraft.snowball":7,"stat.pickup.minecraft.iron_bars":4,"stat.mineBlock.minecraft.stone":170,"stat.mineBlock.minecraft.tallgrass":3,"stat.pickup.minecraft.chest":1}