{"stat.pickup.minecraft.bone":8,"stat.leaveGame":4,"stat.pickup.minecraft.arrow":3,"stat.pickup.minecraft.stone_pickaxe":2,"stat.pickup.minecraft.stone_axe":2,"stat.killEntity.mutantbeasts.mutant_skeleton":1,"stat.pickup.gravestone.death_info":12,"stat.swimOneCm":27393,"stat.jump":680,"stat.pickup.minecraft.coal":7,"stat.climbOneCm":431,"stat.fallOneCm":9982,"stat.useItem.minecraft.planks":7,"stat.pickup.minecraft.glowstone_dust":1,"stat.useItem.minecraft.stone_axe":28,"stat.pickup.minecraft.gunpowder":1,"stat.crouchOneCm":1291,"stat.mineBlock.gravestone.gravestone":1,"stat.entityKilledBy.mutantbeasts.mutant_zombie":2,"stat.pickup.minecraft.dirt":36,"stat.useItem.minecraft.dirt":3,"stat.useItem.minecraft.stone_slab2":25,"stat.craftingTableInteraction":2,"stat.pickup.minecraft.rotten_flesh":13,"stat.craftItem.minecraft.furnace":1,"stat.entityKilledBy.Spider":1,"stat.damageTaken":2691,"stat.pickup.minecraft.leather":6,"stat.drop.minecraft.bone":2,"stat.mineBlock.minecraft.furnace":3,"stat.useItem.minecraft.wooden_pickaxe":27,"stat.craftItem.minecraft.cooked_beef":11,"stat.pickup.minecraft.cobblestone":54,"stat.mineBlock.minecraft.sapling":1,"stat.pickup.minecraft.planks":92,"stat.flyOneCm":130862,"stat.pickup.minecraft.wheat_seeds":3,"stat.entityKilledBy.Zombie":3,"stat.drop.minecraft.wheat_seeds":3,"stat.useItem.minecraft.stone_pickaxe":39,"stat.useItem.minecraft.cooked_beef":1,"stat.damageDealt":1533,"stat.timeSinceDeath":2533,"stat.killEntity.Cow":7,"stat.mineBlock.minecraft.dirt":6,"stat.craftItem.minecraft.wooden_pickaxe":1,"stat.pickup.minecraft.mutton":2,"stat.walkOneCm":99411,"stat.drop.gravestone.death_info":1,"stat.pickup.minecraft.wooden_axe":1,"stat.pickup.minecraft.crafting_table":2,"stat.useItem.minecraft.cobblestone":3,"stat.furnaceInteraction":16,"stat.craftItem.minecraft.crafting_table":1,"stat.mineBlock.minecraft.double_plant":1,"stat.mineBlock.minecraft.coal_ore":7,"stat.pickup.minecraft.log":40,"stat.pickup.minecraft.string":3,"stat.pickup.minecraft.beef":18,"stat.pickup.minecraft.furnace":3,"stat.entityKilledBy.Skeleton":1,"stat.craftItem.minecraft.stone_slab2":0,"stat.pickup.minecraft.stone":12,"stat.pickup.minecraft.sapling":2,"stat.sprintOneCm":77124,"stat.entityKilledBy.Enderman":1,"stat.pickup.minecraft.cooked_beef":3,"stat.craftItem.minecraft.stick":8,"stat.craftItem.minecraft.planks":88,"stat.craftItem.minecraft.stone":14,"stat.mineBlock.minecraft.crafting_table":2,"stat.mobKills":15,"stat.mineBlock.minecraft.log":28,"stat.deaths":10,"stat.mineBlock.minecraft.planks":6,"stat.drop":8,"stat.mineBlock.minecraft.leaves":9,"stat.playOneMinute":66876,"stat.drop.minecraft.string":2,"stat.killEntity.Sheep":1,"stat.pickup.mutantbeasts.mutant_skeleton_limb":1,"stat.sneakTime":730,"stat.pickup.minecraft.wool":1,"stat.killEntity.Zombie":2,"stat.useItem.minecraft.wooden_axe":48,"stat.mineBlock.minecraft.stone":49,"stat.mineBlock.minecraft.tallgrass":55,"stat.craftItem.minecraft.cooked_mutton":2,"stat.diveOneCm":13298}