{"stat.drop.minecraft.stone_pickaxe":1,"stat.useItem.minecraft.bow":4,"stat.pickup.minecraft.bone":199,"stat.leaveGame":2,"stat.mineBlock.minecraft.cobblestone":28,"stat.pickup.minecraft.stone_pickaxe":7,"stat.pickup.mutantbeasts.mutant_skeleton_pelvis":1,"stat.useItem.minecraft.diamond_sword":67,"stat.pickup.gravestone.death_info":19,"stat.mineBlock.minecraft.sandstone":16,"stat.swimOneCm":50862,"stat.climbOneCm":239,"stat.useItem.minecraft.planks":1,"stat.pickup.minecraft.enchanted_book":1,"stat.pickup.minecraft.porkchop":11,"stat.mineBlock.gravestone.gravestone":8,"stat.useItem.minecraft.dirt":94,"stat.useItem.minecraft.stone_slab2":231,"stat.pickup.minecraft.bow":6,"stat.useItem.minecraft.water_bucket":12,"stat.pickup.minecraft.rotten_flesh":178,"stat.pickup.minecraft.sand":7,"stat.craftItem.minecraft.furnace":1,"stat.entityKilledBy.Spider":2,"stat.craftItem.minecraft.stone_axe":3,"stat.craftItem.minecraft.stone_pickaxe":5,"stat.craftItem.minecraft.cooked_beef":14,"stat.pickup.minecraft.cobblestone":539,"stat.pickup.mutantbeasts.mutant_skeleton_rib":4,"stat.craftItem.minecraft.stone_sword":1,"stat.flyOneCm":959043,"stat.pickup.minecraft.sandstone":15,"stat.mineBlock.minecraft.sand":7,"stat.drop.minecraft.wheat_seeds":1,"stat.craftItem.toughasnails.campfire":3,"stat.useItem.minecraft.cooked_beef":9,"stat.pickup.minecraft.cactus":9,"stat.mineBlock.minecraft.iron_ore":14,"stat.timeSinceDeath":73281,"stat.craftItem.minecraft.wooden_pickaxe":1,"stat.drop.minecraft.spider_eye":1,"stat.pickup.minecraft.mutton":31,"stat.drop.gravestone.death_info":16,"stat.pickup.cgm.basic_ammo":14,"stat.pickup.minecraft.wooden_axe":4,"stat.mineBlock.minecraft.vine":1,"stat.furnaceInteraction":24,"stat.drop.minecraft.dirt":20,"stat.mineBlock.minecraft.coal_ore":40,"stat.killEntity.Creeper":12,"stat.pickup.minecraft.string":64,"stat.pickup.cgm.advanced_ammo":64,"stat.pickup.toughasnails.campfire":1,"stat.pickup.minecraft.beef":14,"stat.pickup.minecraft.furnace":8,"stat.entityKilledBy.Skeleton":6,"stat.craftItem.minecraft.stone_slab2":0,"stat.killEntity.mutantbeasts.mutant_zombie":1,"stat.sprintOneCm":212720,"stat.mineBlock.minecraft.stone_slab":7,"stat.pickup.minecraft.skull":4,"stat.craftItem.minecraft.stick":28,"stat.craftItem.minecraft.wooden_axe":1,"stat.useItem.minecraft.stone_slab":7,"stat.craftItem.minecraft.stone":10,"stat.mineBlock.minecraft.crafting_table":6,"stat.entityKilledBy.Creeper":3,"stat.deaths":15,"stat.mineBlock.minecraft.planks":8,"stat.drop":35,"stat.pickup.minecraft.egg":1,"stat.playOneMinute":162864,"stat.drop.minecraft.string":5,"stat.killEntity.Sheep":22,"stat.entityKilledBy.mutantbeasts.mutant_creeper":1,"stat.killEntity.Zombie":19,"stat.mineBlock.minecraft.tallgrass":38,"stat.diveOneCm":74449,"stat.pickup.minecraft.cooked_mutton":8,"stat.chestOpened":15,"stat.useItem.minecraft.stone":40,"stat.pickup.minecraft.arrow":153,"stat.pickup.minecraft.stone_axe":8,"stat.mineBlock.toughasnails.campfire":1,"stat.mineBlock.minecraft.deadbush":13,"stat.jump":2722,"stat.useItem.minecraft.sand":1,"stat.pickup.minecraft.coal":105,"stat.fallOneCm":60226,"stat.drop.minecraft.stone":65,"stat.drop.minecraft.dye":2,"stat.pickup.mutantbeasts.mutant_skeleton_shoulder_pad":3,"stat.useItem.minecraft.stone_axe":138,"stat.pickup.mutantbeasts.mutant_skeleton_skull":2,"stat.pickup.minecraft.gunpowder":127,"stat.crouchOneCm":37788,"stat.pickup.minecraft.spider_eye":1,"stat.craftItem.minecraft.torch":8,"stat.craftItem.minecraft.iron_ingot":4,"stat.pickup.minecraft.dirt":194,"stat.craftingTableInteraction":18,"stat.pickup.minecraft.iron_ore":14,"stat.drop.toughasnails.campfire":2,"stat.killEntity.mutantbeasts.mutant_creeper":1,"stat.pickup.minecraft.wooden_pickaxe":3,"stat.pickup.minecraft.leather":66,"stat.damageTaken":5052,"stat.pickup.minecraft.feather":6,"stat.mineBlock.minecraft.furnace":4,"stat.mineBlock.minecraft.torch":11,"stat.useItem.minecraft.wooden_pickaxe":52,"stat.useItem.minecraft.furnace":1,"stat.pickup.minecraft.dye":2,"stat.pickup.minecraft.planks":141,"stat.pickup.minecraft.reeds":108,"stat.pickup.minecraft.wheat_seeds":29,"stat.entityKilledBy.Zombie":2,"stat.useItem.minecraft.stone_pickaxe":456,"stat.useItem.minecraft.stone_sword":133,"stat.damageDealt":14922,"stat.killEntity.Cow":5,"stat.mineBlock.minecraft.dirt":8,"stat.killEntity.Pig":5,"stat.craftItem.minecraft.stone_slab":6,"stat.walkOneCm":182108,"stat.useItem.minecraft.torch":9,"stat.pickup.minecraft.golden_apple":1,"stat.playerKills":1,"stat.pickup.minecraft.stick":25,"stat.drop.minecraft.rotten_flesh":5,"stat.pickup.minecraft.crafting_table":11,"stat.useItem.minecraft.cobblestone":42,"stat.craftItem.minecraft.crafting_table":3,"stat.mineBlock.minecraft.double_plant":1,"stat.pickup.cgm.handgun":1,"stat.useItem.minecraft.lava_bucket":5,"stat.craftItem.firstaid.bandage":4,"stat.pickup.minecraft.log":198,"stat.drop.cgm.advanced_ammo":64,"stat.pickup.minecraft.tnt":9,"stat.pickup.minecraft.stone":141,"stat.pickup.minecraft.chicken":8,"stat.pickup.minecraft.sapling":7,"stat.pickup.minecraft.cooked_beef":122,"stat.pickup.minecraft.gold_ingot":3,"stat.pickup.mutantbeasts.hulk_hammer":1,"stat.killEntity.Skeleton":18,"stat.pickup.minecraft.record_mellohi":6,"stat.mineBlock.minecraft.cactus":3,"stat.craftItem.minecraft.planks":56,"stat.killEntity.Chicken":8,"stat.killEntity.Spider":8,"stat.drop.cgm.handgun":1,"stat.pickup.minecraft.stone_sword":2,"stat.mobKills":115,"stat.mineBlock.minecraft.log":73,"stat.useItem.minecraft.golden_apple":1,"stat.pickup.minecraft.water_bucket":1,"stat.mineBlock.minecraft.leaves":17,"stat.pickup.minecraft.iron_horse_armor":1,"stat.pickup.minecraft.torch":40,"stat.pickup.mutantbeasts.mutant_skeleton_limb":6,"stat.sneakTime":18483,"stat.pickup.minecraft.wool":26,"stat.drop.minecraft.stone_axe":1,"stat.useItem.minecraft.wooden_axe":4,"stat.pickup.minecraft.stone_slab":31,"stat.mineBlock.minecraft.stone":314,"stat.drop.minecraft.wooden_axe":1,"stat.useItem.minecraft.sandstone":8}