{"stat.chestOpened":1,"stat.walkOneCm":61438,"stat.pickup.minecraft.bone":1,"stat.playerKills":1,"stat.leaveGame":1,"stat.pickup.minecraft.crafting_table":3,"stat.mineBlock.minecraft.ice":8,"stat.craftItem.minecraft.crafting_table":4,"stat.pickup.minecraft.stone_axe":1,"stat.pickup.dungeontactics.bag_ore":1,"stat.mineBlock.treasure2.wood_chest":1,"stat.pickup.dungeontactics.cherry_bomb":3,"stat.mineBlock.minecraft.coal_ore":9,"stat.pickup.minecraft.log":26,"stat.jump":501,"stat.swimOneCm":390,"stat.pickup.minecraft.coal":9,"stat.fallOneCm":15960,"stat.useItem.minecraft.planks":5,"stat.entityKilledBy.primitivemobs.baby_spider":1,"stat.useItem.minecraft.stone_axe":5,"stat.craftItem.dungeontactics.stone_battleaxe":1,"stat.crouchOneCm":6312,"stat.pickup.scalinghealth.heartcontainer":1,"stat.entityKilledBy.HungryZombie":1,"stat.pickup.minecraft.sapling":1,"stat.pickup.minecraft.dirt":9,"stat.useItem.minecraft.dirt":3,"stat.sprintOneCm":73209,"stat.useItem.minecraft.stone_slab2":10,"stat.mineBlock.minecraft.stone_slab":1,"stat.craftItem.minecraft.stick":36,"stat.craftItem.minecraft.wooden_axe":1,"stat.craftingTableInteraction":6,"stat.pickup.minecraft.iron_ore":1,"stat.mineBlock.treasure2.skull_and_crossbones":1,"stat.craftItem.minecraft.planks":104,"stat.useItem.minecraft.snowball":2,"stat.pickup.treasure2.wood_chest":1,"stat.craftItem.minecraft.stone_axe":2,"stat.entityKilledBy.primitivemobs.rocket_creeper":1,"stat.damageTaken":1355,"stat.mineBlock.minecraft.crafting_table":3,"stat.craftItem.minecraft.stone_pickaxe":2,"stat.useItem.minecraft.wooden_pickaxe":29,"stat.mobKills":3,"stat.pickup.minecraft.cobblestone":36,"stat.craftItem.minecraft.wooden_sword":2,"stat.mineBlock.minecraft.log":26,"stat.pickup.minecraft.planks":37,"stat.pickup.minecraft.reeds":4,"stat.pickup.dungeontactics.iron_cluster":1,"stat.flyOneCm":112188,"stat.deaths":5,"stat.mineBlock.minecraft.leaves":6,"stat.playOneMinute":27749,"stat.useItem.minecraft.wooden_sword":12,"stat.useItem.minecraft.stone_pickaxe":21,"stat.sneakTime":2760,"stat.damageDealt":801,"stat.mineBlock.minecraft.iron_ore":1,"stat.pickup.minecraft.snowball":10,"stat.timeSinceDeath":6752,"stat.killEntity.primitivemobs.haunted_tool":1,"stat.useItem.minecraft.wooden_axe":1,"stat.pickup.minecraft.stone_slab":1,"stat.mineBlock.minecraft.dirt":2,"stat.craftItem.minecraft.wooden_pickaxe":2,"stat.mineBlock.minecraft.stone":36,"stat.mineBlock.minecraft.tallgrass":1,"stat.diveOneCm":305}