{"stat.chestOpened":1,"stat.drop.minecraft.stone_pickaxe":1,"stat.pickup.minecraft.bone":1,"stat.useItem.minecraft.stone":1,"stat.drop.minecraft.wooden_pickaxe":1,"stat.leaveGame":2,"stat.mineBlock.minecraft.cobblestone":2,"stat.mineBlock.minecraft.ice":8,"stat.pickup.minecraft.stone_axe":1,"stat.pickup.dungeontactics.bag_ore":1,"stat.pickup.dungeontactics.cherry_bomb":3,"stat.useItem.dungeontactics.stone_battleaxe":7,"stat.useItem.minecraft.potion":1,"stat.jump":634,"stat.swimOneCm":390,"stat.pickup.minecraft.coal":35,"stat.fallOneCm":18660,"stat.useItem.minecraft.planks":5,"stat.craftItem.minecraft.shield":1,"stat.pickup.minecraft.enchanted_book":1,"stat.useItem.minecraft.stone_axe":9,"stat.crouchOneCm":11404,"stat.entityKilledBy.HungryZombie":1,"stat.craftItem.minecraft.torch":28,"stat.craftItem.minecraft.iron_ingot":8,"stat.pickup.dungeontactics.bag_potion":1,"stat.pickup.minecraft.dirt":9,"stat.useItem.minecraft.dirt":3,"stat.useItem.minecraft.stone_slab2":12,"stat.craftingTableInteraction":18,"stat.pickup.minecraft.iron_ore":1,"stat.craftItem.minecraft.furnace":1,"stat.mineBlock.treasure2.skull_and_crossbones":1,"stat.craftItem.minecraft.stone_axe":3,"stat.entityKilledBy.primitivemobs.rocket_creeper":1,"stat.craftItem.minecraft.iron_boots":1,"stat.damageTaken":1837,"stat.craftItem.minecraft.stone_pickaxe":3,"stat.mineBlock.minecraft.furnace":1,"stat.useItem.minecraft.wooden_pickaxe":32,"stat.pickup.minecraft.cobblestone":66,"stat.craftItem.minecraft.wooden_sword":2,"stat.pickup.minecraft.planks":70,"stat.pickup.minecraft.reeds":4,"stat.pickup.dungeontactics.iron_cluster":21,"stat.pickup.dungeontactics.bag_book":1,"stat.flyOneCm":132588,"stat.useItem.minecraft.stone_pickaxe":79,"stat.damageDealt":1223,"stat.mineBlock.minecraft.iron_ore":21,"stat.timeSinceDeath":12250,"stat.mineBlock.minecraft.dirt":2,"stat.useItem.minecraft.iron_pickaxe":18,"stat.craftItem.minecraft.wooden_pickaxe":3,"stat.walkOneCm":78287,"stat.useItem.minecraft.torch":11,"stat.playerKills":1,"stat.pickup.minecraft.crafting_table":4,"stat.useItem.minecraft.log":2,"stat.craftItem.minecraft.crafting_table":5,"stat.furnaceInteraction":5,"stat.mineBlock.treasure2.wood_chest":1,"stat.mineBlock.minecraft.coal_ore":35,"stat.pickup.minecraft.log":37,"stat.entityKilledBy.primitivemobs.baby_spider":1,"stat.pickup.minecraft.furnace":1,"stat.craftItem.minecraft.stone_slab2":0,"stat.pickup.minecraft.stone":3,"stat.craftItem.dungeontactics.stone_battleaxe":2,"stat.pickup.scalinghealth.heartcontainer":1,"stat.pickup.minecraft.sapling":1,"stat.sprintOneCm":99164,"stat.mineBlock.minecraft.stone_slab":1,"stat.craftItem.minecraft.stick":52,"stat.craftItem.minecraft.wooden_axe":1,"stat.drop.minecraft.potion":1,"stat.craftItem.minecraft.planks":140,"stat.pickup.minecraft.potion":2,"stat.useItem.minecraft.snowball":2,"stat.pickup.treasure2.wood_chest":1,"stat.mineBlock.minecraft.crafting_table":4,"stat.mobKills":5,"stat.mineBlock.minecraft.log":37,"stat.deaths":6,"stat.drop":4,"stat.mineBlock.minecraft.leaves":7,"stat.playOneMinute":43950,"stat.useItem.minecraft.wooden_sword":12,"stat.sneakTime":4677,"stat.craftItem.minecraft.iron_pickaxe":1,"stat.pickup.minecraft.snowball":10,"stat.killEntity.primitivemobs.haunted_tool":2,"stat.useItem.minecraft.wooden_axe":1,"stat.pickup.minecraft.stone_slab":1,"stat.drop.minecraft.glass_bottle":1,"stat.mineBlock.minecraft.stone":66,"stat.mineBlock.minecraft.tallgrass":1,"stat.diveOneCm":305,"stat.entityKilledBy.KnightSkeleton":1}