{"stat.drop.minecraft.stone_pickaxe":1,"stat.useItem.minecraft.bow":4,"stat.pickup.minecraft.bone":199,"stat.leaveGame":2,"stat.mineBlock.minecraft.cobblestone":28,"stat.pickup.minecraft.stone_pickaxe":7,"stat.pickup.mutantbeasts.mutant_skeleton_pelvis":1,"stat.useItem.minecraft.diamond_sword":67,"stat.pickup.gravestone.death_info":19,"stat.mineBlock.minecraft.sandstone":16,"stat.swimOneCm":45216,"stat.climbOneCm":239,"stat.useItem.minecraft.planks":1,"stat.pickup.minecraft.enchanted_book":1,"stat.mineBlock.gravestone.gravestone":7,"stat.useItem.minecraft.dirt":92,"stat.useItem.minecraft.stone_slab2":227,"stat.pickup.minecraft.bow":6,"stat.useItem.minecraft.water_bucket":12,"stat.pickup.minecraft.rotten_flesh":177,"stat.pickup.minecraft.sand":6,"stat.craftItem.minecraft.furnace":1,"stat.entityKilledBy.Spider":2,"stat.craftItem.minecraft.stone_axe":2,"stat.craftItem.minecraft.stone_pickaxe":4,"stat.craftItem.minecraft.cooked_beef":14,"stat.pickup.minecraft.cobblestone":449,"stat.pickup.mutantbeasts.mutant_skeleton_rib":4,"stat.craftItem.minecraft.stone_sword":1,"stat.flyOneCm":876454,"stat.pickup.minecraft.sandstone":15,"stat.mineBlock.minecraft.sand":6,"stat.drop.minecraft.wheat_seeds":1,"stat.craftItem.toughasnails.campfire":3,"stat.useItem.minecraft.cooked_beef":7,"stat.mineBlock.minecraft.iron_ore":14,"stat.timeSinceDeath":61581,"stat.craftItem.minecraft.wooden_pickaxe":1,"stat.drop.minecraft.spider_eye":1,"stat.pickup.minecraft.mutton":21,"stat.drop.gravestone.death_info":16,"stat.pickup.cgm.basic_ammo":14,"stat.pickup.minecraft.wooden_axe":4,"stat.mineBlock.minecraft.vine":1,"stat.furnaceInteraction":24,"stat.drop.minecraft.dirt":20,"stat.mineBlock.minecraft.coal_ore":40,"stat.killEntity.Creeper":12,"stat.pickup.minecraft.string":64,"stat.pickup.cgm.advanced_ammo":64,"stat.pickup.toughasnails.campfire":1,"stat.pickup.minecraft.beef":14,"stat.pickup.minecraft.furnace":8,"stat.entityKilledBy.Skeleton":6,"stat.craftItem.minecraft.stone_slab2":0,"stat.killEntity.mutantbeasts.mutant_zombie":1,"stat.sprintOneCm":180424,"stat.mineBlock.minecraft.stone_slab":7,"stat.pickup.minecraft.skull":4,"stat.craftItem.minecraft.stick":28,"stat.craftItem.minecraft.wooden_axe":1,"stat.useItem.minecraft.stone_slab":7,"stat.craftItem.minecraft.stone":10,"stat.mineBlock.minecraft.crafting_table":5,"stat.entityKilledBy.Creeper":3,"stat.deaths":15,"stat.mineBlock.minecraft.planks":8,"stat.drop":35,"stat.pickup.minecraft.egg":1,"stat.playOneMinute":151164,"stat.drop.minecraft.string":5,"stat.killEntity.Sheep":14,"stat.entityKilledBy.mutantbeasts.mutant_creeper":1,"stat.killEntity.Zombie":19,"stat.mineBlock.minecraft.tallgrass":25,"stat.diveOneCm":66129,"stat.pickup.minecraft.cooked_mutton":8,"stat.chestOpened":15,"stat.useItem.minecraft.stone":40,"stat.pickup.minecraft.arrow":153,"stat.pickup.minecraft.stone_axe":8,"stat.mineBlock.toughasnails.campfire":1,"stat.mineBlock.minecraft.deadbush":2,"stat.jump":2341,"stat.pickup.minecraft.coal":105,"stat.fallOneCm":51671,"stat.drop.minecraft.stone":65,"stat.drop.minecraft.dye":2,"stat.pickup.mutantbeasts.mutant_skeleton_shoulder_pad":3,"stat.useItem.minecraft.stone_axe":107,"stat.pickup.mutantbeasts.mutant_skeleton_skull":2,"stat.pickup.minecraft.gunpowder":127,"stat.crouchOneCm":30531,"stat.pickup.minecraft.spider_eye":1,"stat.craftItem.minecraft.torch":8,"stat.craftItem.minecraft.iron_ingot":4,"stat.pickup.minecraft.dirt":191,"stat.craftingTableInteraction":16,"stat.pickup.minecraft.iron_ore":14,"stat.drop.toughasnails.campfire":2,"stat.killEntity.mutantbeasts.mutant_creeper":1,"stat.pickup.minecraft.wooden_pickaxe":3,"stat.pickup.minecraft.leather":66,"stat.damageTaken":5008,"stat.mineBlock.minecraft.furnace":4,"stat.mineBlock.minecraft.torch":11,"stat.useItem.minecraft.wooden_pickaxe":52,"stat.useItem.minecraft.furnace":1,"stat.pickup.minecraft.dye":2,"stat.pickup.minecraft.planks":141,"stat.pickup.minecraft.reeds":94,"stat.pickup.minecraft.wheat_seeds":27,"stat.entityKilledBy.Zombie":2,"stat.useItem.minecraft.stone_pickaxe":303,"stat.useItem.minecraft.stone_sword":133,"stat.damageDealt":13404,"stat.killEntity.Cow":5,"stat.mineBlock.minecraft.dirt":5,"stat.craftItem.minecraft.stone_slab":6,"stat.walkOneCm":163197,"stat.useItem.minecraft.torch":9,"stat.pickup.minecraft.golden_apple":1,"stat.playerKills":1,"stat.pickup.minecraft.stick":15,"stat.drop.minecraft.rotten_flesh":5,"stat.pickup.minecraft.crafting_table":10,"stat.useItem.minecraft.cobblestone":42,"stat.craftItem.minecraft.crafting_table":3,"stat.mineBlock.minecraft.double_plant":1,"stat.pickup.cgm.handgun":1,"stat.useItem.minecraft.lava_bucket":5,"stat.craftItem.firstaid.bandage":4,"stat.pickup.minecraft.log":175,"stat.drop.cgm.advanced_ammo":64,"stat.pickup.minecraft.tnt":9,"stat.pickup.minecraft.stone":141,"stat.pickup.minecraft.sapling":7,"stat.pickup.minecraft.cooked_beef":122,"stat.pickup.minecraft.gold_ingot":3,"stat.pickup.mutantbeasts.hulk_hammer":1,"stat.killEntity.Skeleton":18,"stat.pickup.minecraft.record_mellohi":6,"stat.craftItem.minecraft.planks":56,"stat.killEntity.Spider":8,"stat.drop.cgm.handgun":1,"stat.pickup.minecraft.stone_sword":2,"stat.mobKills":93,"stat.mineBlock.minecraft.log":50,"stat.useItem.minecraft.golden_apple":1,"stat.pickup.minecraft.water_bucket":1,"stat.mineBlock.minecraft.leaves":8,"stat.pickup.minecraft.iron_horse_armor":1,"stat.pickup.minecraft.torch":40,"stat.pickup.mutantbeasts.mutant_skeleton_limb":6,"stat.sneakTime":16112,"stat.pickup.minecraft.wool":18,"stat.drop.minecraft.stone_axe":1,"stat.useItem.minecraft.wooden_axe":4,"stat.pickup.minecraft.stone_slab":31,"stat.mineBlock.minecraft.stone":223,"stat.drop.minecraft.wooden_axe":1,"stat.useItem.minecraft.sandstone":8}