{"stat.pickup.minecraft.rotten_flesh":1,"stat.walkOneCm":14624,"stat.drop.gravestone.death_info":2,"stat.leaveGame":1,"stat.damageTaken":630,"stat.drop.minecraft.dirt":8,"stat.mobKills":1,"stat.entityKilledBy.Creeper":1,"stat.flyOneCm":10841,"stat.deaths":2,"stat.pickup.minecraft.wheat_seeds":3,"stat.drop":4,"stat.jump":53,"stat.swimOneCm":417,"stat.playOneMinute":17263,"stat.entityKilledBy.Zombie":1,"stat.fallOneCm":217,"stat.sneakTime":144,"stat.damageDealt":136,"stat.crouchOneCm":221,"stat.mineBlock.gravestone.gravestone":1,"stat.timeSinceDeath":4895,"stat.pickup.minecraft.dirt":29,"stat.useItem.minecraft.dirt":47,"stat.sprintOneCm":2344,"stat.useItem.minecraft.stone_slab2":1,"stat.mineBlock.minecraft.tallgrass":4,"stat.diveOneCm":772}