{"stat.chestOpened":1,"stat.walkOneCm":73963,"stat.pickup.minecraft.bone":1,"stat.useItem.minecraft.torch":11,"stat.playerKills":1,"stat.leaveGame":1,"stat.pickup.minecraft.crafting_table":3,"stat.useItem.minecraft.log":2,"stat.mineBlock.minecraft.ice":8,"stat.craftItem.minecraft.crafting_table":5,"stat.pickup.minecraft.stone_axe":1,"stat.furnaceInteraction":5,"stat.pickup.dungeontactics.bag_ore":1,"stat.mineBlock.treasure2.wood_chest":1,"stat.pickup.dungeontactics.cherry_bomb":3,"stat.mineBlock.minecraft.coal_ore":35,"stat.useItem.dungeontactics.stone_battleaxe":5,"stat.useItem.minecraft.potion":1,"stat.pickup.minecraft.log":37,"stat.jump":599,"stat.swimOneCm":390,"stat.pickup.minecraft.coal":35,"stat.fallOneCm":17973,"stat.useItem.minecraft.planks":5,"stat.craftItem.minecraft.shield":1,"stat.entityKilledBy.primitivemobs.baby_spider":1,"stat.useItem.minecraft.stone_axe":8,"stat.craftItem.minecraft.stone_slab2":0,"stat.craftItem.dungeontactics.stone_battleaxe":2,"stat.crouchOneCm":10426,"stat.pickup.scalinghealth.heartcontainer":1,"stat.entityKilledBy.HungryZombie":1,"stat.craftItem.minecraft.torch":28,"stat.craftItem.minecraft.iron_ingot":8,"stat.pickup.minecraft.sapling":1,"stat.pickup.dungeontactics.bag_potion":1,"stat.pickup.minecraft.dirt":9,"stat.useItem.minecraft.dirt":3,"stat.sprintOneCm":92110,"stat.useItem.minecraft.stone_slab2":12,"stat.mineBlock.minecraft.stone_slab":1,"stat.craftItem.minecraft.stick":52,"stat.craftItem.minecraft.wooden_axe":1,"stat.craftingTableInteraction":15,"stat.pickup.minecraft.iron_ore":1,"stat.drop.minecraft.potion":1,"stat.craftItem.minecraft.furnace":1,"stat.mineBlock.treasure2.skull_and_crossbones":1,"stat.craftItem.minecraft.planks":140,"stat.pickup.minecraft.potion":2,"stat.useItem.minecraft.snowball":2,"stat.pickup.treasure2.wood_chest":1,"stat.craftItem.minecraft.stone_axe":2,"stat.entityKilledBy.primitivemobs.rocket_creeper":1,"stat.damageTaken":1739,"stat.mineBlock.minecraft.crafting_table":3,"stat.craftItem.minecraft.stone_pickaxe":3,"stat.useItem.minecraft.wooden_pickaxe":32,"stat.mobKills":4,"stat.pickup.minecraft.cobblestone":50,"stat.craftItem.minecraft.wooden_sword":2,"stat.mineBlock.minecraft.log":37,"stat.pickup.minecraft.planks":62,"stat.pickup.minecraft.reeds":4,"stat.pickup.dungeontactics.iron_cluster":21,"stat.flyOneCm":125939,"stat.deaths":6,"stat.drop":2,"stat.mineBlock.minecraft.leaves":7,"stat.playOneMinute":40349,"stat.useItem.minecraft.wooden_sword":12,"stat.useItem.minecraft.stone_pickaxe":79,"stat.sneakTime":4385,"stat.craftItem.minecraft.iron_pickaxe":1,"stat.damageDealt":1086,"stat.mineBlock.minecraft.iron_ore":21,"stat.pickup.minecraft.snowball":10,"stat.timeSinceDeath":8649,"stat.killEntity.primitivemobs.haunted_tool":2,"stat.useItem.minecraft.wooden_axe":1,"stat.pickup.minecraft.stone_slab":1,"stat.drop.minecraft.glass_bottle":1,"stat.mineBlock.minecraft.dirt":2,"stat.craftItem.minecraft.wooden_pickaxe":3,"stat.mineBlock.minecraft.stone":51,"stat.mineBlock.minecraft.tallgrass":1,"stat.diveOneCm":305,"stat.entityKilledBy.KnightSkeleton":1}