{"stat.drop.minecraft.stone_pickaxe":1,"stat.useItem.minecraft.bow":4,"stat.pickup.minecraft.bone":114,"stat.useItem.minecraft.stone":23,"stat.leaveGame":1,"stat.pickup.minecraft.arrow":98,"stat.mineBlock.minecraft.cobblestone":1,"stat.pickup.minecraft.stone_pickaxe":6,"stat.pickup.minecraft.stone_axe":7,"stat.pickup.mutantbeasts.mutant_skeleton_pelvis":1,"stat.useItem.minecraft.diamond_sword":33,"stat.pickup.gravestone.death_info":13,"stat.swimOneCm":33945,"stat.jump":1267,"stat.pickup.minecraft.coal":53,"stat.fallOneCm":28342,"stat.climbOneCm":239,"stat.useItem.minecraft.planks":1,"stat.drop.minecraft.stone":1,"stat.drop.minecraft.dye":2,"stat.pickup.mutantbeasts.mutant_skeleton_shoulder_pad":1,"stat.useItem.minecraft.stone_axe":71,"stat.pickup.mutantbeasts.mutant_skeleton_skull":1,"stat.pickup.minecraft.gunpowder":66,"stat.crouchOneCm":13732,"stat.mineBlock.gravestone.gravestone":5,"stat.pickup.minecraft.spider_eye":1,"stat.craftItem.minecraft.torch":8,"stat.pickup.minecraft.dirt":155,"stat.useItem.minecraft.dirt":92,"stat.useItem.minecraft.stone_slab2":206,"stat.pickup.minecraft.bow":5,"stat.craftingTableInteraction":8,"stat.pickup.minecraft.rotten_flesh":102,"stat.craftItem.minecraft.furnace":1,"stat.entityKilledBy.Spider":1,"stat.craftItem.minecraft.stone_axe":2,"stat.pickup.minecraft.wooden_pickaxe":3,"stat.pickup.minecraft.leather":53,"stat.damageTaken":4087,"stat.craftItem.minecraft.stone_pickaxe":2,"stat.mineBlock.minecraft.furnace":4,"stat.mineBlock.minecraft.torch":11,"stat.useItem.minecraft.wooden_pickaxe":52,"stat.craftItem.minecraft.cooked_beef":14,"stat.useItem.minecraft.furnace":1,"stat.pickup.minecraft.cobblestone":271,"stat.pickup.minecraft.dye":2,"stat.pickup.minecraft.planks":109,"stat.pickup.minecraft.reeds":25,"stat.craftItem.minecraft.stone_sword":1,"stat.flyOneCm":336791,"stat.pickup.minecraft.wheat_seeds":17,"stat.entityKilledBy.Zombie":2,"stat.drop.minecraft.wheat_seeds":1,"stat.useItem.minecraft.stone_pickaxe":104,"stat.useItem.minecraft.cooked_beef":3,"stat.useItem.minecraft.stone_sword":133,"stat.damageDealt":9435,"stat.timeSinceDeath":2423,"stat.killEntity.Cow":5,"stat.mineBlock.minecraft.dirt":4,"stat.craftItem.minecraft.wooden_pickaxe":1,"stat.drop.minecraft.spider_eye":1,"stat.craftItem.minecraft.stone_slab":6,"stat.walkOneCm":87901,"stat.useItem.minecraft.torch":9,"stat.playerKills":1,"stat.drop.gravestone.death_info":12,"stat.pickup.minecraft.stick":10,"stat.pickup.minecraft.wooden_axe":3,"stat.drop.minecraft.rotten_flesh":5,"stat.mineBlock.minecraft.vine":1,"stat.pickup.minecraft.crafting_table":6,"stat.useItem.minecraft.cobblestone":11,"stat.craftItem.minecraft.crafting_table":2,"stat.furnaceInteraction":17,"stat.drop.minecraft.dirt":12,"stat.mineBlock.minecraft.double_plant":1,"stat.mineBlock.minecraft.coal_ore":20,"stat.killEntity.Creeper":12,"stat.pickup.minecraft.string":19,"stat.pickup.minecraft.log":139,"stat.pickup.minecraft.beef":14,"stat.pickup.minecraft.furnace":6,"stat.entityKilledBy.Skeleton":6,"stat.craftItem.minecraft.stone_slab2":0,"stat.pickup.minecraft.stone":128,"stat.pickup.minecraft.sapling":4,"stat.sprintOneCm":84438,"stat.mineBlock.minecraft.stone_slab":7,"stat.pickup.minecraft.cooked_beef":99,"stat.craftItem.minecraft.stick":16,"stat.craftItem.minecraft.wooden_axe":1,"stat.killEntity.Skeleton":16,"stat.useItem.minecraft.stone_slab":7,"stat.pickup.minecraft.record_mellohi":5,"stat.craftItem.minecraft.planks":36,"stat.craftItem.minecraft.stone":10,"stat.killEntity.Spider":6,"stat.mineBlock.minecraft.crafting_table":3,"stat.pickup.minecraft.stone_sword":2,"stat.mobKills":60,"stat.mineBlock.minecraft.log":36,"stat.entityKilledBy.Creeper":3,"stat.deaths":13,"stat.mineBlock.minecraft.planks":1,"stat.drop":25,"stat.mineBlock.minecraft.leaves":7,"stat.playOneMinute":77563,"stat.drop.minecraft.string":5,"stat.pickup.minecraft.torch":33,"stat.pickup.mutantbeasts.mutant_skeleton_limb":1,"stat.sneakTime":6985,"stat.pickup.minecraft.wool":3,"stat.drop.minecraft.stone_axe":1,"stat.killEntity.Zombie":15,"stat.useItem.minecraft.wooden_axe":4,"stat.pickup.minecraft.stone_slab":31,"stat.mineBlock.minecraft.stone":100,"stat.mineBlock.minecraft.tallgrass":17,"stat.diveOneCm":26026,"stat.drop.minecraft.wooden_axe":1,"stat.pickup.minecraft.cooked_mutton":8}