{"stat.drop.minecraft.stone_pickaxe":1,"stat.useItem.minecraft.bow":4,"stat.pickup.minecraft.bone":261,"stat.leaveGame":2,"stat.mineBlock.minecraft.cobblestone":28,"stat.pickup.minecraft.stone_pickaxe":8,"stat.pickup.mutantbeasts.mutant_skeleton_pelvis":1,"stat.useItem.minecraft.diamond_sword":67,"stat.pickup.gravestone.death_info":19,"stat.mineBlock.minecraft.sandstone":16,"stat.swimOneCm":51714,"stat.climbOneCm":239,"stat.useItem.minecraft.planks":1,"stat.pickup.minecraft.enchanted_book":1,"stat.pickup.minecraft.porkchop":22,"stat.mineBlock.gravestone.gravestone":9,"stat.useItem.minecraft.dirt":94,"stat.useItem.minecraft.stone_slab2":238,"stat.pickup.minecraft.bow":6,"stat.useItem.minecraft.water_bucket":12,"stat.pickup.minecraft.rotten_flesh":238,"stat.pickup.minecraft.sand":11,"stat.craftItem.minecraft.furnace":1,"stat.entityKilledBy.Spider":2,"stat.craftItem.minecraft.stone_axe":3,"stat.craftItem.minecraft.stone_pickaxe":7,"stat.craftItem.minecraft.cooked_beef":14,"stat.pickup.minecraft.cobblestone":1154,"stat.pickup.mutantbeasts.mutant_skeleton_rib":8,"stat.craftItem.minecraft.stone_sword":1,"stat.flyOneCm":970416,"stat.pickup.minecraft.sandstone":20,"stat.mineBlock.minecraft.sand":7,"stat.drop.minecraft.wheat_seeds":1,"stat.craftItem.toughasnails.campfire":3,"stat.useItem.minecraft.cooked_beef":9,"stat.pickup.minecraft.cactus":18,"stat.mineBlock.minecraft.iron_ore":14,"stat.timeSinceDeath":3075,"stat.craftItem.minecraft.wooden_pickaxe":1,"stat.drop.minecraft.spider_eye":1,"stat.pickup.minecraft.mutton":41,"stat.drop.gravestone.death_info":18,"stat.pickup.cgm.basic_ammo":58,"stat.pickup.minecraft.wooden_axe":4,"stat.mineBlock.minecraft.vine":1,"stat.furnaceInteraction":24,"stat.drop.minecraft.dirt":23,"stat.mineBlock.minecraft.coal_ore":40,"stat.killEntity.Creeper":12,"stat.pickup.minecraft.string":95,"stat.pickup.cgm.advanced_ammo":64,"stat.pickup.toughasnails.campfire":1,"stat.pickup.minecraft.beef":14,"stat.pickup.minecraft.furnace":8,"stat.entityKilledBy.Skeleton":6,"stat.craftItem.minecraft.stone_slab2":0,"stat.killEntity.mutantbeasts.mutant_zombie":1,"stat.sprintOneCm":225842,"stat.mineBlock.minecraft.stone_slab":7,"stat.pickup.minecraft.skull":4,"stat.craftItem.minecraft.stick":28,"stat.craftItem.minecraft.wooden_axe":1,"stat.useItem.minecraft.stone_slab":7,"stat.entityKilledBy.mutantbeasts.mutant_skeleton":1,"stat.craftItem.minecraft.stone":10,"stat.mineBlock.minecraft.crafting_table":8,"stat.entityKilledBy.Creeper":3,"stat.deaths":17,"stat.mineBlock.minecraft.planks":8,"stat.drop":38,"stat.pickup.minecraft.egg":1,"stat.playOneMinute":175464,"stat.drop.minecraft.string":5,"stat.killEntity.Sheep":22,"stat.entityKilledBy.mutantbeasts.mutant_creeper":1,"stat.killEntity.Zombie":21,"stat.mineBlock.minecraft.tallgrass":38,"stat.diveOneCm":75138,"stat.pickup.minecraft.cooked_mutton":8,"stat.chestOpened":15,"stat.useItem.minecraft.stone":40,"stat.pickup.minecraft.arrow":227,"stat.pickup.minecraft.stone_axe":9,"stat.mineBlock.toughasnails.campfire":1,"stat.mineBlock.minecraft.deadbush":13,"stat.jump":2828,"stat.useItem.minecraft.sand":1,"stat.pickup.minecraft.coal":119,"stat.fallOneCm":67814,"stat.drop.minecraft.stone":65,"stat.drop.minecraft.dye":2,"stat.pickup.mutantbeasts.mutant_skeleton_shoulder_pad":5,"stat.useItem.minecraft.stone_axe":144,"stat.pickup.mutantbeasts.mutant_skeleton_skull":3,"stat.pickup.minecraft.gunpowder":184,"stat.crouchOneCm":50965,"stat.pickup.minecraft.spider_eye":1,"stat.craftItem.minecraft.torch":12,"stat.craftItem.minecraft.iron_ingot":4,"stat.pickup.minecraft.dirt":204,"stat.craftingTableInteraction":20,"stat.pickup.minecraft.iron_ore":14,"stat.drop.toughasnails.campfire":2,"stat.killEntity.mutantbeasts.mutant_creeper":1,"stat.pickup.minecraft.wooden_pickaxe":3,"stat.pickup.minecraft.leather":66,"stat.damageTaken":5643,"stat.pickup.minecraft.feather":12,"stat.mineBlock.minecraft.furnace":4,"stat.mineBlock.minecraft.torch":12,"stat.useItem.minecraft.wooden_pickaxe":52,"stat.useItem.minecraft.furnace":1,"stat.pickup.minecraft.dye":2,"stat.pickup.minecraft.planks":159,"stat.pickup.minecraft.reeds":155,"stat.pickup.minecraft.wheat_seeds":32,"stat.entityKilledBy.Zombie":2,"stat.useItem.minecraft.stone_pickaxe":689,"stat.useItem.minecraft.stone_sword":133,"stat.damageDealt":15220,"stat.killEntity.Cow":5,"stat.mineBlock.minecraft.dirt":12,"stat.killEntity.Pig":5,"stat.craftItem.minecraft.stone_slab":6,"stat.walkOneCm":196312,"stat.useItem.minecraft.torch":12,"stat.pickup.minecraft.golden_apple":1,"stat.playerKills":1,"stat.pickup.minecraft.stick":30,"stat.drop.minecraft.rotten_flesh":5,"stat.pickup.minecraft.crafting_table":14,"stat.useItem.minecraft.cobblestone":42,"stat.craftItem.minecraft.crafting_table":3,"stat.mineBlock.minecraft.double_plant":1,"stat.pickup.cgm.handgun":2,"stat.useItem.minecraft.lava_bucket":5,"stat.craftItem.firstaid.bandage":4,"stat.pickup.minecraft.log":230,"stat.drop.cgm.advanced_ammo":64,"stat.pickup.minecraft.tnt":9,"stat.pickup.minecraft.stone":141,"stat.pickup.minecraft.chicken":16,"stat.pickup.minecraft.sapling":7,"stat.pickup.minecraft.cooked_beef":139,"stat.pickup.minecraft.gold_ingot":3,"stat.pickup.mutantbeasts.hulk_hammer":1,"stat.killEntity.Skeleton":18,"stat.pickup.minecraft.record_mellohi":6,"stat.mineBlock.minecraft.cactus":3,"stat.craftItem.minecraft.planks":56,"stat.killEntity.Chicken":8,"stat.killEntity.Spider":8,"stat.drop.cgm.handgun":1,"stat.pickup.minecraft.stone_sword":2,"stat.mobKills":119,"stat.mineBlock.minecraft.log":73,"stat.useItem.minecraft.golden_apple":1,"stat.pickup.minecraft.water_bucket":1,"stat.mineBlock.minecraft.leaves":17,"stat.pickup.minecraft.iron_horse_armor":1,"stat.pickup.minecraft.torch":41,"stat.pickup.mutantbeasts.mutant_skeleton_limb":11,"stat.sneakTime":22934,"stat.pickup.minecraft.wool":34,"stat.drop.minecraft.stone_axe":1,"stat.useItem.minecraft.wooden_axe":4,"stat.pickup.minecraft.stone_slab":31,"stat.mineBlock.minecraft.stone":549,"stat.drop.minecraft.wooden_axe":1,"stat.useItem.minecraft.sandstone":8}