{"stat.useItem.minecraft.bow":4,"stat.pickup.artifacts.everlasting_cooked_porkchop":1,"stat.pickup.minecraft.wooden_slab":8,"stat.leaveGame":7,"stat.pickup.mutantbeasts.mutant_skeleton_pelvis":2,"stat.drop.artifacts.everlasting_cooked_porkchop":1,"stat.pickup.gravestone.death_info":42,"stat.mineBlock.minecraft.sandstone":16,"stat.pickup.minecraft.fishing_rod":4,"stat.useItem.minecraft.planks":25,"stat.pickup.minecraft.porkchop":44,"stat.mineBlock.gravestone.gravestone":28,"stat.useItem.minecraft.water_bucket":19,"stat.pickup.minecraft.rotten_flesh":300,"stat.pickup.minecraft.sand":131,"stat.entityKilledBy.Spider":2,"stat.craftItem.minecraft.stone_axe":3,"stat.pickup.minecraft.bucket":1,"stat.craftItem.minecraft.stone_sword":1,"stat.entityKilledBy.artifacts.mimic":2,"stat.mineBlock.minecraft.sand":67,"stat.useItem.minecraft.iron_pickaxe":2,"stat.craftItem.minecraft.wooden_pickaxe":1,"stat.craftItem.minecraft.glass_pane":16,"stat.drop.gravestone.death_info":43,"stat.mineBlock.minecraft.vine":1,"stat.pickup.minecraft.record_far":1,"stat.furnaceInteraction":73,"stat.killEntity.ZombieVillager":2,"stat.drop.minecraft.red_flower":1,"stat.pickup.toughasnails.campfire":1,"stat.pickup.minecraft.beef":129,"stat.pickup.minecraft.furnace":8,"stat.useItem.minecraft.cooked_mutton":6,"stat.pickup.minecraft.iron_chestplate":4,"stat.pickup.minecraft.skull":4,"stat.entityKilledBy.mutantbeasts.mutant_skeleton":1,"stat.craftItem.toughasnails.canteen":6,"stat.deaths":30,"stat.pickup.minecraft.egg":1,"stat.playOneMinute":359292,"stat.drop.minecraft.string":5,"stat.craftItem.minecraft.iron_pickaxe":1,"stat.pickup.toughasnails.canteen":4,"stat.craftItem.mutantbeasts.mutant_skeleton_arms":1,"stat.mineBlock.minecraft.tallgrass":50,"stat.craftItem.minecraft.cooked_mutton":14,"stat.pickup.minecraft.cooked_mutton":53,"stat.chestOpened":98,"stat.useItem.minecraft.stone":43,"stat.pickup.minecraft.arrow":584,"stat.mineBlock.toughasnails.campfire":4,"stat.craftItem.minecraft.coal":3,"stat.craftItem.minecraft.iron_nugget":90,"stat.fallOneCm":178048,"stat.drop.minecraft.stone":65,"stat.drop.minecraft.dye":2,"stat.pickup.mutantbeasts.mutant_skeleton_shoulder_pad":7,"stat.pickup.mutantbeasts.mutant_skeleton_skull":14,"stat.crouchOneCm":82772,"stat.craftItem.minecraft.iron_ingot":75,"stat.pickup.cgm.assault_rifle":3,"stat.craftingTableInteraction":53,"stat.pickup.minecraft.wooden_pickaxe":4,"stat.pickup.minecraft.feather":12,"stat.useItem.minecraft.furnace":2,"stat.pickup.minecraft.dye":19,"stat.pickup.minecraft.planks":517,"stat.pickup.minecraft.wheat_seeds":47,"stat.mineBlock.minecraft.gravel":64,"stat.useItem.minecraft.stone_pickaxe":913,"stat.useItem.minecraft.stone_sword":133,"stat.mineBlock.minecraft.dirt":30,"stat.useItem.minecraft.torch":53,"stat.pickup.minecraft.golden_apple":1,"stat.drop.minecraft.rotten_flesh":8,"stat.pickup.minecraft.crafting_table":24,"stat.useItem.minecraft.log":1,"stat.useItem.minecraft.cobblestone":116,"stat.craftItem.minecraft.crafting_table":4,"stat.useItem.minecraft.gravel":9,"stat.mineBlock.minecraft.double_plant":1,"stat.craftItem.firstaid.bandage":4,"stat.pickup.minecraft.log":263,"stat.drop.minecraft.chicken":8,"stat.pickup.usefulbackpacks.backpack":4,"stat.craftItem.usefulbackpacks.backpack":3,"stat.pickup.minecraft.chicken":24,"stat.pickup.minecraft.sapling":12,"stat.craftItem.minecraft.bucket":1,"stat.craftItem.minecraft.planks":140,"stat.useItem.mutantbeasts.hulk_hammer":8,"stat.pickup.minecraft.stone_sword":2,"stat.mineBlock.minecraft.log":98,"stat.craftItem.minecraft.paper":6,"stat.craftItem.mutantbeasts.mutant_skeleton_boots":1,"stat.craftItem.mutantbeasts.mutant_skeleton_leggings":1,"stat.pickup.mutantbeasts.mutant_skeleton_limb":23,"stat.pickup.minecraft.red_flower":11,"stat.drop.artifacts.everlasting_cooked_beef":2,"stat.sneakTime":43761,"stat.pickup.minecraft.wool":59,"stat.useItem.minecraft.wooden_axe":4,"stat.pickup.minecraft.stone_slab":31,"stat.pickup.minecraft.yellow_flower":4,"stat.drop.minecraft.wooden_axe":1,"stat.drop.minecraft.stone_pickaxe":2,"stat.pickup.minecraft.bone":316,"stat.mineBlock.minecraft.cobblestone":31,"stat.pickup.minecraft.stone_pickaxe":21,"stat.pickup.minecraft.flint":23,"stat.mineBlock.minecraft.yellow_flower":3,"stat.mineBlock.minecraft.concrete":3,"stat.useItem.minecraft.diamond_sword":67,"stat.swimOneCm":93617,"stat.useItem.minecraft.concrete_powder":2,"stat.climbOneCm":122707,"stat.pickup.minecraft.enchanted_book":1,"stat.pickup.minecraft.cooked_porkchop":69,"stat.pickup.mutantbeasts.mutant_skeleton_chestplate":6,"stat.useItem.minecraft.dirt":167,"stat.useItem.minecraft.stone_slab2":273,"stat.pickup.minecraft.bow":6,"stat.pickup.minecraft.iron_boots":10,"stat.craftItem.minecraft.furnace":1,"stat.killEntity.artifacts.mimic":1,"stat.craftItem.minecraft.iron_boots":1,"stat.drop.cgm.assault_rifle":1,"stat.craftItem.minecraft.stone_pickaxe":8,"stat.craftItem.minecraft.cooked_beef":14,"stat.pickup.minecraft.cobblestone":1368,"stat.pickup.mutantbeasts.mutant_skeleton_rib":22,"stat.useItem.minecraft.stone_shovel":122,"stat.flyOneCm":1492234,"stat.pickup.minecraft.sandstone":20,"stat.drop.minecraft.wheat_seeds":10,"stat.craftItem.toughasnails.campfire":5,"stat.useItem.minecraft.cooked_beef":10,"stat.craftItem.toughasnails.charcoal_filter":9,"stat.pickup.minecraft.cactus":54,"stat.mineBlock.minecraft.iron_ore":79,"stat.timeSinceDeath":51708,"stat.drop.minecraft.spider_eye":1,"stat.pickup.minecraft.mutton":83,"stat.killEntity.Bat":1,"stat.pickup.cgm.basic_ammo":660,"stat.pickup.minecraft.wooden_axe":5,"stat.drop.minecraft.dirt":24,"stat.craftItem.minecraft.concrete_powder":96,"stat.useItem.minecraft.cooked_porkchop":5,"stat.mineBlock.minecraft.coal_ore":98,"stat.killEntity.Creeper":18,"stat.pickup.minecraft.string":115,"stat.pickup.cgm.advanced_ammo":96,"stat.mineBlock.minecraft.ladder":1,"stat.entityKilledBy.Skeleton":8,"stat.craftItem.minecraft.stone_slab2":0,"stat.killEntity.mutantbeasts.mutant_zombie":4,"stat.killEntity.Squid":3,"stat.sprintOneCm":512129,"stat.mineBlock.minecraft.stone_slab":7,"stat.craftItem.minecraft.stick":88,"stat.craftItem.minecraft.wooden_axe":1,"stat.useItem.minecraft.stone_slab":7,"stat.craftItem.minecraft.stone":10,"stat.mineBlock.minecraft.crafting_table":11,"stat.entityKilledBy.Creeper":3,"stat.mineBlock.minecraft.planks":8,"stat.drop":84,"stat.killEntity.Sheep":36,"stat.entityKilledBy.mutantbeasts.mutant_creeper":1,"stat.useItem.minecraft.ladder":2,"stat.killEntity.Zombie":43,"stat.craftItem.minecraft.dye":30,"stat.pickup.artifacts.bottled_cloud":2,"stat.craftItem.forge.bucketfilled":1,"stat.diveOneCm":106030,"stat.craftItem.minecraft.ladder":15,"stat.pickup.cgm.scope":2,"stat.pickup.minecraft.gravel":213,"stat.drop.minecraft.cooked_beef":16,"stat.craftItem.minecraft.cooked_porkchop":22,"stat.pickup.minecraft.stone_axe":18,"stat.pickup.toughasnails.charcoal_filter":6,"stat.mineBlock.minecraft.deadbush":13,"stat.jump":5459,"stat.useItem.minecraft.sand":1,"stat.pickup.minecraft.coal":281,"stat.useItem.minecraft.stone_axe":219,"stat.pickup.minecraft.gunpowder":308,"stat.pickup.minecraft.spider_eye":1,"stat.craftItem.minecraft.torch":56,"stat.pickup.minecraft.dirt":327,"stat.pickup.minecraft.iron_ore":143,"stat.drop.toughasnails.campfire":2,"stat.pickup.minecraft.stone_shovel":1,"stat.killEntity.mutantbeasts.mutant_creeper":1,"stat.pickup.minecraft.leather":125,"stat.damageTaken":10229,"stat.mineBlock.minecraft.furnace":4,"stat.mineBlock.minecraft.torch":17,"stat.mineBlock.minecraft.red_flower":9,"stat.useItem.minecraft.wooden_pickaxe":52,"stat.pickup.minecraft.reeds":163,"stat.craftItem.mutantbeasts.mutant_skeleton_chestplate":1,"stat.craftItem.cgm.workbench":1,"stat.pickup.minecraft.concrete":3,"stat.pickup.minecraft.potato":13,"stat.useItem.forge.bucketfilled":3,"stat.entityKilledBy.Zombie":4,"stat.damageDealt":18471,"stat.craftItem.minecraft.glass":16,"stat.sleepInBed":13,"stat.killEntity.Cow":30,"stat.useItem.minecraft.crafting_table":1,"stat.killEntity.Pig":11,"stat.craftItem.minecraft.stone_slab":6,"stat.craftItem.minecraft.stone_shovel":1,"stat.walkOneCm":479085,"stat.playerKills":4,"stat.pickup.minecraft.stick":106,"stat.pickup.cgm.handgun":13,"stat.useItem.minecraft.lava_bucket":5,"stat.drop.cgm.advanced_ammo":64,"stat.pickup.minecraft.tnt":9,"stat.pickup.minecraft.stone":160,"stat.craftItem.minecraft.iron_chestplate":1,"stat.pickup.minecraft.cooked_beef":155,"stat.pickup.minecraft.ladder":29,"stat.pickup.minecraft.gold_ingot":3,"stat.pickup.mutantbeasts.hulk_hammer":10,"stat.killEntity.Skeleton":22,"stat.pickup.minecraft.record_mellohi":6,"stat.craftItem.mutantbeasts.mutant_skeleton_rib_cage":1,"stat.mineBlock.minecraft.cactus":3,"stat.killEntity.Chicken":8,"stat.killEntity.Spider":8,"stat.drop.cgm.handgun":2,"stat.mobKills":208,"stat.drop.cgm.basic_ammo":64,"stat.useItem.minecraft.golden_apple":4,"stat.pickup.minecraft.water_bucket":2,"stat.mineBlock.minecraft.leaves":35,"stat.pickup.minecraft.iron_horse_armor":1,"stat.pickup.minecraft.torch":141,"stat.drop.minecraft.stone_axe":1,"stat.drop.minecraft.arrow":1,"stat.pickup.artifacts.everlasting_cooked_beef":1,"stat.mineBlock.minecraft.stone":634,"stat.useItem.minecraft.sandstone":8}