{"stat.drop.minecraft.stone_pickaxe":1,"stat.useItem.minecraft.bow":4,"stat.pickup.minecraft.bone":88,"stat.useItem.minecraft.stone":20,"stat.leaveGame":1,"stat.pickup.minecraft.arrow":76,"stat.mineBlock.minecraft.cobblestone":1,"stat.pickup.minecraft.stone_pickaxe":5,"stat.pickup.minecraft.stone_axe":6,"stat.pickup.mutantbeasts.mutant_skeleton_pelvis":1,"stat.useItem.minecraft.diamond_sword":33,"stat.pickup.gravestone.death_info":11,"stat.swimOneCm":27577,"stat.jump":984,"stat.pickup.minecraft.coal":40,"stat.fallOneCm":21889,"stat.climbOneCm":239,"stat.useItem.minecraft.planks":1,"stat.drop.minecraft.dye":2,"stat.pickup.mutantbeasts.mutant_skeleton_shoulder_pad":1,"stat.useItem.minecraft.stone_axe":71,"stat.pickup.mutantbeasts.mutant_skeleton_skull":1,"stat.pickup.minecraft.gunpowder":52,"stat.crouchOneCm":12303,"stat.mineBlock.gravestone.gravestone":4,"stat.pickup.minecraft.spider_eye":1,"stat.craftItem.minecraft.torch":8,"stat.pickup.minecraft.dirt":65,"stat.useItem.minecraft.dirt":92,"stat.useItem.minecraft.stone_slab2":21,"stat.pickup.minecraft.bow":4,"stat.craftingTableInteraction":8,"stat.pickup.minecraft.rotten_flesh":64,"stat.craftItem.minecraft.furnace":1,"stat.entityKilledBy.Spider":1,"stat.craftItem.minecraft.stone_axe":2,"stat.pickup.minecraft.wooden_pickaxe":2,"stat.pickup.minecraft.leather":40,"stat.damageTaken":3889,"stat.craftItem.minecraft.stone_pickaxe":2,"stat.mineBlock.minecraft.furnace":2,"stat.mineBlock.minecraft.torch":11,"stat.useItem.minecraft.wooden_pickaxe":52,"stat.craftItem.minecraft.cooked_beef":14,"stat.useItem.minecraft.furnace":1,"stat.pickup.minecraft.cobblestone":214,"stat.pickup.minecraft.dye":2,"stat.pickup.minecraft.planks":77,"stat.pickup.minecraft.reeds":20,"stat.craftItem.minecraft.stone_sword":1,"stat.flyOneCm":255785,"stat.pickup.minecraft.wheat_seeds":13,"stat.entityKilledBy.Zombie":2,"stat.useItem.minecraft.stone_pickaxe":100,"stat.useItem.minecraft.cooked_beef":3,"stat.useItem.minecraft.stone_sword":133,"stat.damageDealt":9394,"stat.timeSinceDeath":3432,"stat.killEntity.Cow":5,"stat.mineBlock.minecraft.dirt":1,"stat.craftItem.minecraft.wooden_pickaxe":1,"stat.drop.minecraft.spider_eye":1,"stat.craftItem.minecraft.stone_slab":6,"stat.walkOneCm":74161,"stat.useItem.minecraft.torch":9,"stat.playerKills":1,"stat.drop.gravestone.death_info":11,"stat.pickup.minecraft.stick":7,"stat.pickup.minecraft.wooden_axe":2,"stat.drop.minecraft.rotten_flesh":5,"stat.mineBlock.minecraft.vine":1,"stat.pickup.minecraft.crafting_table":5,"stat.useItem.minecraft.cobblestone":6,"stat.craftItem.minecraft.crafting_table":2,"stat.furnaceInteraction":17,"stat.drop.minecraft.dirt":12,"stat.mineBlock.minecraft.double_plant":1,"stat.mineBlock.minecraft.coal_ore":20,"stat.killEntity.Creeper":12,"stat.pickup.minecraft.string":14,"stat.pickup.minecraft.log":113,"stat.pickup.minecraft.beef":14,"stat.pickup.minecraft.furnace":4,"stat.entityKilledBy.Skeleton":6,"stat.craftItem.minecraft.stone_slab2":0,"stat.pickup.minecraft.stone":100,"stat.pickup.minecraft.sapling":1,"stat.sprintOneCm":63920,"stat.mineBlock.minecraft.stone_slab":7,"stat.pickup.minecraft.cooked_beef":75,"stat.craftItem.minecraft.stick":16,"stat.craftItem.minecraft.wooden_axe":1,"stat.killEntity.Skeleton":16,"stat.useItem.minecraft.stone_slab":7,"stat.pickup.minecraft.record_mellohi":4,"stat.craftItem.minecraft.planks":36,"stat.craftItem.minecraft.stone":10,"stat.killEntity.Spider":6,"stat.mineBlock.minecraft.crafting_table":3,"stat.pickup.minecraft.stone_sword":2,"stat.mobKills":59,"stat.mineBlock.minecraft.log":36,"stat.entityKilledBy.Creeper":3,"stat.deaths":12,"stat.mineBlock.minecraft.planks":1,"stat.drop":22,"stat.mineBlock.minecraft.leaves":7,"stat.playOneMinute":65863,"stat.drop.minecraft.string":5,"stat.pickup.minecraft.torch":26,"stat.pickup.mutantbeasts.mutant_skeleton_limb":1,"stat.sneakTime":6533,"stat.pickup.minecraft.wool":2,"stat.drop.minecraft.stone_axe":1,"stat.killEntity.Zombie":15,"stat.useItem.minecraft.wooden_axe":4,"stat.pickup.minecraft.stone_slab":25,"stat.mineBlock.minecraft.stone":98,"stat.mineBlock.minecraft.tallgrass":17,"stat.diveOneCm":19950,"stat.drop.minecraft.wooden_axe":1,"stat.pickup.minecraft.cooked_mutton":6}