{"stat.drop.minecraft.stone_pickaxe":1,"stat.useItem.minecraft.bow":4,"stat.pickup.minecraft.bone":282,"stat.pickup.minecraft.wooden_slab":6,"stat.leaveGame":2,"stat.mineBlock.minecraft.cobblestone":29,"stat.pickup.minecraft.stone_pickaxe":12,"stat.pickup.mutantbeasts.mutant_skeleton_pelvis":1,"stat.useItem.minecraft.diamond_sword":67,"stat.pickup.gravestone.death_info":27,"stat.mineBlock.minecraft.sandstone":16,"stat.pickup.minecraft.fishing_rod":3,"stat.swimOneCm":66256,"stat.climbOneCm":32006,"stat.useItem.minecraft.planks":25,"stat.pickup.minecraft.enchanted_book":1,"stat.pickup.minecraft.porkchop":22,"stat.mineBlock.gravestone.gravestone":14,"stat.useItem.minecraft.dirt":150,"stat.useItem.minecraft.stone_slab2":246,"stat.pickup.minecraft.bow":6,"stat.pickup.minecraft.iron_boots":3,"stat.useItem.minecraft.water_bucket":12,"stat.pickup.minecraft.rotten_flesh":259,"stat.pickup.minecraft.sand":11,"stat.craftItem.minecraft.furnace":1,"stat.entityKilledBy.Spider":2,"stat.craftItem.minecraft.stone_axe":3,"stat.craftItem.minecraft.iron_boots":1,"stat.craftItem.minecraft.stone_pickaxe":7,"stat.craftItem.minecraft.cooked_beef":14,"stat.pickup.minecraft.cobblestone":1179,"stat.pickup.mutantbeasts.mutant_skeleton_rib":14,"stat.craftItem.minecraft.stone_sword":1,"stat.flyOneCm":1112300,"stat.pickup.minecraft.sandstone":20,"stat.mineBlock.minecraft.sand":7,"stat.drop.minecraft.wheat_seeds":7,"stat.craftItem.toughasnails.campfire":4,"stat.useItem.minecraft.cooked_beef":10,"stat.pickup.minecraft.cactus":45,"stat.mineBlock.minecraft.iron_ore":30,"stat.timeSinceDeath":501,"stat.craftItem.minecraft.wooden_pickaxe":1,"stat.drop.minecraft.spider_eye":1,"stat.pickup.minecraft.mutton":41,"stat.killEntity.Bat":1,"stat.drop.gravestone.death_info":26,"stat.pickup.cgm.basic_ammo":122,"stat.pickup.minecraft.wooden_axe":5,"stat.mineBlock.minecraft.vine":1,"stat.furnaceInteraction":28,"stat.drop.minecraft.dirt":23,"stat.killEntity.ZombieVillager":2,"stat.mineBlock.minecraft.coal_ore":91,"stat.killEntity.Creeper":17,"stat.drop.minecraft.red_flower":1,"stat.pickup.minecraft.string":101,"stat.pickup.cgm.advanced_ammo":64,"stat.pickup.toughasnails.campfire":1,"stat.pickup.minecraft.beef":14,"stat.pickup.minecraft.furnace":8,"stat.useItem.minecraft.cooked_mutton":5,"stat.entityKilledBy.Skeleton":7,"stat.craftItem.minecraft.stone_slab2":0,"stat.killEntity.mutantbeasts.mutant_zombie":1,"stat.sprintOneCm":296319,"stat.pickup.minecraft.iron_chestplate":3,"stat.mineBlock.minecraft.stone_slab":7,"stat.pickup.minecraft.skull":4,"stat.craftItem.minecraft.stick":44,"stat.craftItem.minecraft.wooden_axe":1,"stat.useItem.minecraft.stone_slab":7,"stat.entityKilledBy.mutantbeasts.mutant_skeleton":1,"stat.craftItem.minecraft.stone":10,"stat.mineBlock.minecraft.crafting_table":8,"stat.entityKilledBy.Creeper":3,"stat.deaths":22,"stat.mineBlock.minecraft.planks":8,"stat.drop":53,"stat.pickup.minecraft.egg":1,"stat.playOneMinute":224064,"stat.drop.minecraft.string":5,"stat.killEntity.Sheep":22,"stat.entityKilledBy.mutantbeasts.mutant_creeper":1,"stat.killEntity.Zombie":28,"stat.mineBlock.minecraft.tallgrass":39,"stat.diveOneCm":89916,"stat.pickup.minecraft.cooked_mutton":40,"stat.chestOpened":31,"stat.useItem.minecraft.stone":43,"stat.pickup.minecraft.arrow":470,"stat.drop.minecraft.cooked_beef":16,"stat.pickup.minecraft.stone_axe":13,"stat.mineBlock.toughasnails.campfire":2,"stat.mineBlock.minecraft.deadbush":13,"stat.jump":3558,"stat.useItem.minecraft.sand":1,"stat.pickup.minecraft.coal":229,"stat.fallOneCm":89411,"stat.drop.minecraft.stone":65,"stat.drop.minecraft.dye":2,"stat.pickup.mutantbeasts.mutant_skeleton_shoulder_pad":5,"stat.useItem.minecraft.stone_axe":149,"stat.pickup.mutantbeasts.mutant_skeleton_skull":6,"stat.pickup.minecraft.gunpowder":219,"stat.crouchOneCm":59108,"stat.pickup.minecraft.spider_eye":1,"stat.craftItem.minecraft.torch":32,"stat.craftItem.minecraft.iron_ingot":14,"stat.pickup.minecraft.dirt":285,"stat.craftingTableInteraction":24,"stat.pickup.minecraft.iron_ore":46,"stat.drop.toughasnails.campfire":2,"stat.killEntity.mutantbeasts.mutant_creeper":1,"stat.pickup.minecraft.wooden_pickaxe":3,"stat.pickup.minecraft.leather":66,"stat.damageTaken":7244,"stat.pickup.minecraft.feather":12,"stat.mineBlock.minecraft.furnace":4,"stat.mineBlock.minecraft.torch":12,"stat.useItem.minecraft.wooden_pickaxe":52,"stat.useItem.minecraft.furnace":1,"stat.pickup.minecraft.dye":2,"stat.pickup.minecraft.planks":439,"stat.pickup.minecraft.reeds":155,"stat.pickup.minecraft.wheat_seeds":35,"stat.pickup.minecraft.potato":3,"stat.entityKilledBy.Zombie":4,"stat.useItem.minecraft.stone_pickaxe":767,"stat.useItem.minecraft.stone_sword":133,"stat.damageDealt":15418,"stat.sleepInBed":5,"stat.killEntity.Cow":5,"stat.mineBlock.minecraft.dirt":17,"stat.killEntity.Pig":5,"stat.craftItem.minecraft.stone_slab":6,"stat.walkOneCm":300903,"stat.useItem.minecraft.torch":33,"stat.pickup.minecraft.golden_apple":1,"stat.playerKills":3,"stat.pickup.minecraft.stick":86,"stat.drop.minecraft.rotten_flesh":5,"stat.pickup.minecraft.crafting_table":17,"stat.useItem.minecraft.cobblestone":51,"stat.craftItem.minecraft.crafting_table":3,"stat.mineBlock.minecraft.double_plant":1,"stat.pickup.cgm.handgun":5,"stat.useItem.minecraft.lava_bucket":5,"stat.craftItem.firstaid.bandage":4,"stat.pickup.minecraft.log":230,"stat.drop.cgm.advanced_ammo":64,"stat.drop.minecraft.chicken":8,"stat.pickup.minecraft.tnt":9,"stat.pickup.minecraft.stone":148,"stat.craftItem.minecraft.iron_chestplate":1,"stat.pickup.minecraft.chicken":24,"stat.pickup.minecraft.sapling":9,"stat.pickup.minecraft.cooked_beef":155,"stat.pickup.minecraft.ladder":27,"stat.pickup.minecraft.gold_ingot":3,"stat.pickup.mutantbeasts.hulk_hammer":1,"stat.killEntity.Skeleton":19,"stat.pickup.minecraft.record_mellohi":6,"stat.mineBlock.minecraft.cactus":3,"stat.craftItem.minecraft.planks":56,"stat.killEntity.Chicken":8,"stat.killEntity.Spider":8,"stat.drop.cgm.handgun":1,"stat.pickup.minecraft.stone_sword":2,"stat.mobKills":135,"stat.mineBlock.minecraft.log":73,"stat.useItem.minecraft.golden_apple":1,"stat.pickup.minecraft.water_bucket":1,"stat.mineBlock.minecraft.leaves":17,"stat.pickup.minecraft.iron_horse_armor":1,"stat.pickup.minecraft.torch":57,"stat.pickup.mutantbeasts.mutant_skeleton_limb":14,"stat.pickup.minecraft.red_flower":1,"stat.sneakTime":27634,"stat.pickup.minecraft.wool":34,"stat.drop.minecraft.stone_axe":1,"stat.useItem.minecraft.wooden_axe":4,"stat.pickup.minecraft.stone_slab":31,"stat.mineBlock.minecraft.stone":558,"stat.drop.minecraft.wooden_axe":1,"stat.useItem.minecraft.sandstone":8}