{"stat.drop.minecraft.stone_pickaxe":1,"stat.cakeSlicesEaten":6,"stat.pickup.minecraft.bone":1,"stat.leaveGame":4,"stat.mineBlock.minecraft.cobblestone":3,"stat.mineBlock.minecraft.pumpkin":1,"stat.pickup.minecraft.leather_chestplate":1,"stat.pickup.dungeontactics.cherry_bomb":9,"stat.swimOneCm":390,"stat.useItem.minecraft.planks":5,"stat.craftItem.minecraft.shield":1,"stat.pickup.minecraft.enchanted_book":1,"stat.climbOneCm":2220,"stat.useItem.minecraft.dirt":3,"stat.useItem.minecraft.stone_slab2":17,"stat.killEntity.primitivemobs.skeleton_warrior":1,"stat.pickup.minecraft.rotten_flesh":4,"stat.craftItem.minecraft.furnace":1,"stat.craftItem.minecraft.stone_axe":4,"stat.entityKilledBy.primitivemobs.rocket_creeper":1,"stat.craftItem.minecraft.iron_boots":1,"stat.craftItem.minecraft.stone_pickaxe":5,"stat.pickup.minecraft.cobblestone":96,"stat.pickup.dungeontactics.iron_cluster":30,"stat.flyOneCm":183420,"stat.pickup.minecraft.glass_bottle":1,"stat.pickup.minecraft.brown_mushroom":2,"stat.drop.minecraft.wheat_seeds":4,"stat.mineBlock.minecraft.iron_ore":30,"stat.timeSinceDeath":1780,"stat.useItem.minecraft.iron_pickaxe":18,"stat.craftItem.minecraft.wooden_pickaxe":4,"stat.drop.minecraft.spider_eye":2,"stat.pickup.minecraft.stonebrick":8,"stat.furnaceInteraction":5,"stat.mineBlock.minecraft.coal_ore":35,"stat.entityKilledBy.primitivemobs.baby_spider":1,"stat.pickup.minecraft.furnace":1,"stat.craftItem.minecraft.stone_slab2":0,"stat.sprintOneCm":167447,"stat.mineBlock.minecraft.stone_slab":1,"stat.pickup.minecraft.skull":1,"stat.craftItem.minecraft.stick":64,"stat.craftItem.minecraft.wooden_axe":1,"stat.drop.minecraft.potion":1,"stat.pickup.minecraft.potion":2,"stat.useItem.minecraft.snowball":2,"stat.pickup.treasure2.wood_chest":1,"stat.mineBlock.minecraft.crafting_table":5,"stat.useItem.minecraft.carrot":1,"stat.pickup.minecraft.lever":1,"stat.deaths":8,"stat.drop":18,"stat.playOneMinute":63459,"stat.useItem.minecraft.wooden_sword":12,"stat.craftItem.minecraft.iron_pickaxe":1,"stat.pickup.minecraft.snowball":10,"stat.killEntity.primitivemobs.haunted_tool":2,"stat.pickup.minecraft.iron_bars":5,"stat.drop.minecraft.glass_bottle":4,"stat.mineBlock.minecraft.tallgrass":3,"stat.diveOneCm":305,"stat.chestOpened":8,"stat.pickup.minecraft.pumpkin":1,"stat.useItem.minecraft.stone":1,"stat.drop.minecraft.wooden_pickaxe":1,"stat.mineBlock.minecraft.ice":8,"stat.pickup.minecraft.stone_axe":1,"stat.pickup.dungeontactics.bag_ore":1,"stat.useItem.minecraft.apple":2,"stat.useItem.dungeontactics.stone_battleaxe":73,"stat.useItem.minecraft.potion":3,"stat.jump":888,"stat.pickup.minecraft.coal":35,"stat.fallOneCm":22987,"stat.pickup.minecraft.carrot":1,"stat.useItem.minecraft.stone_axe":10,"stat.crouchOneCm":16320,"stat.pickup.minecraft.spider_eye":2,"stat.entityKilledBy.HungryZombie":1,"stat.craftItem.minecraft.torch":28,"stat.craftItem.minecraft.iron_ingot":8,"stat.pickup.dungeontactics.bag_potion":1,"stat.pickup.minecraft.dirt":9,"stat.craftingTableInteraction":21,"stat.pickup.minecraft.iron_ore":1,"stat.killEntity.primitivemobs.chameleon":1,"stat.mineBlock.treasure2.skull_and_crossbones":1,"stat.mineBlock.minecraft.iron_bars":5,"stat.damageTaken":2986,"stat.mineBlock.minecraft.furnace":1,"stat.useItem.minecraft.wooden_pickaxe":39,"stat.pickup.dungeontactics.bush_cherrybomb":2,"stat.craftItem.minecraft.wooden_sword":2,"stat.pickup.minecraft.planks":70,"stat.useItem.dungeontactics.cherry_bomb":6,"stat.pickup.minecraft.reeds":4,"stat.pickup.dungeontactics.bag_book":1,"stat.pickup.minecraft.wheat_seeds":4,"stat.mineBlock.dungeontactics.bush_cherrybomb":1,"stat.pickup.minecraft.potato":4,"stat.pickup.minecraft.oak_stairs":2,"stat.useItem.minecraft.stone_pickaxe":119,"stat.damageDealt":3622,"stat.entityKilledBy.primitivemobs.treasure_slime":1,"stat.killEntity.FishingZombie":1,"stat.mineBlock.minecraft.dirt":2,"stat.useItem.minecraft.iron_bars":3,"stat.walkOneCm":147998,"stat.useItem.minecraft.torch":11,"stat.playerKills":1,"stat.drop.minecraft.rotten_flesh":6,"stat.pickup.minecraft.crafting_table":5,"stat.useItem.minecraft.log":2,"stat.useItem.minecraft.cobblestone":4,"stat.craftItem.minecraft.crafting_table":6,"stat.mineBlock.treasure2.wood_chest":1,"stat.pickup.minecraft.log":68,"stat.drop.minecraft.leather_chestplate":2,"stat.pickup.minecraft.stone":4,"stat.craftItem.dungeontactics.stone_battleaxe":3,"stat.pickup.scalinghealth.heartcontainer":1,"stat.drop.minecraft.potato":1,"stat.pickup.minecraft.sapling":1,"stat.craftItem.minecraft.planks":172,"stat.mobKills":14,"stat.useItem.minecraft.stonebrick":2,"stat.mineBlock.minecraft.log":66,"stat.mineBlock.minecraft.leaves":9,"stat.sneakTime":6635,"stat.useItem.minecraft.wooden_axe":1,"stat.pickup.minecraft.stone_slab":1,"stat.mineBlock.minecraft.stone":95,"stat.entityKilledBy.KnightSkeleton":1}