{"stat.drop.minecraft.stone_pickaxe":1,"stat.pickup.minecraft.bone":8,"stat.useItem.minecraft.stone":9,"stat.leaveGame":1,"stat.pickup.minecraft.arrow":12,"stat.pickup.minecraft.stone_axe":1,"stat.useItem.minecraft.diamond_sword":16,"stat.swimOneCm":7732,"stat.jump":340,"stat.pickup.minecraft.coal":20,"stat.fallOneCm":5068,"stat.climbOneCm":239,"stat.useItem.minecraft.planks":1,"stat.useItem.minecraft.stone_axe":56,"stat.pickup.minecraft.gunpowder":8,"stat.crouchOneCm":8793,"stat.mineBlock.gravestone.gravestone":1,"stat.pickup.minecraft.spider_eye":1,"stat.craftItem.minecraft.torch":4,"stat.pickup.minecraft.dirt":33,"stat.useItem.minecraft.dirt":92,"stat.useItem.minecraft.stone_slab2":17,"stat.craftingTableInteraction":8,"stat.pickup.minecraft.rotten_flesh":9,"stat.craftItem.minecraft.furnace":1,"stat.craftItem.minecraft.stone_axe":2,"stat.pickup.minecraft.leather":7,"stat.damageTaken":700,"stat.craftItem.minecraft.stone_pickaxe":2,"stat.mineBlock.minecraft.furnace":1,"stat.mineBlock.minecraft.torch":8,"stat.useItem.minecraft.wooden_pickaxe":52,"stat.craftItem.minecraft.cooked_beef":14,"stat.pickup.minecraft.cobblestone":59,"stat.pickup.minecraft.reeds":5,"stat.craftItem.minecraft.stone_sword":1,"stat.flyOneCm":75770,"stat.pickup.minecraft.wheat_seeds":5,"stat.entityKilledBy.Zombie":1,"stat.useItem.minecraft.stone_pickaxe":56,"stat.useItem.minecraft.cooked_beef":2,"stat.useItem.minecraft.stone_sword":93,"stat.damageDealt":6627,"stat.timeSinceDeath":29195,"stat.killEntity.Cow":5,"stat.craftItem.minecraft.wooden_pickaxe":1,"stat.drop.minecraft.spider_eye":1,"stat.craftItem.minecraft.stone_slab":6,"stat.walkOneCm":40671,"stat.useItem.minecraft.torch":7,"stat.drop.gravestone.death_info":2,"stat.drop.minecraft.rotten_flesh":1,"stat.mineBlock.minecraft.vine":1,"stat.pickup.minecraft.crafting_table":3,"stat.craftItem.minecraft.crafting_table":2,"stat.furnaceInteraction":8,"stat.drop.minecraft.dirt":12,"stat.mineBlock.minecraft.double_plant":1,"stat.mineBlock.minecraft.coal_ore":20,"stat.killEntity.Creeper":9,"stat.pickup.minecraft.string":6,"stat.pickup.minecraft.log":35,"stat.pickup.minecraft.beef":14,"stat.pickup.minecraft.furnace":1,"stat.craftItem.minecraft.stone_slab2":0,"stat.pickup.minecraft.stone":2,"stat.pickup.minecraft.sapling":1,"stat.sprintOneCm":23566,"stat.mineBlock.minecraft.stone_slab":5,"stat.craftItem.minecraft.stick":16,"stat.craftItem.minecraft.wooden_axe":1,"stat.killEntity.Skeleton":9,"stat.useItem.minecraft.stone_slab":6,"stat.pickup.minecraft.record_mellohi":1,"stat.craftItem.minecraft.planks":36,"stat.craftItem.minecraft.stone":10,"stat.killEntity.Spider":5,"stat.mineBlock.minecraft.crafting_table":3,"stat.mobKills":41,"stat.mineBlock.minecraft.log":36,"stat.entityKilledBy.Creeper":1,"stat.deaths":2,"stat.drop":11,"stat.mineBlock.minecraft.leaves":7,"stat.playOneMinute":41563,"stat.drop.minecraft.string":5,"stat.pickup.minecraft.torch":8,"stat.sneakTime":5161,"stat.drop.minecraft.stone_axe":1,"stat.killEntity.Zombie":12,"stat.useItem.minecraft.wooden_axe":4,"stat.pickup.minecraft.stone_slab":5,"stat.mineBlock.minecraft.stone":60,"stat.mineBlock.minecraft.tallgrass":14,"stat.diveOneCm":5065,"stat.drop.minecraft.wooden_axe":1}