{"stat.useItem.minecraft.bow":4,"stat.pickup.artifacts.everlasting_cooked_porkchop":1,"stat.pickup.minecraft.wooden_slab":8,"stat.leaveGame":9,"stat.craftItem.minecraft.iron_axe":1,"stat.pickup.mutantbeasts.mutant_skeleton_pelvis":4,"stat.drop.artifacts.everlasting_cooked_porkchop":1,"stat.pickup.gravestone.death_info":56,"stat.mineBlock.minecraft.sandstone":16,"stat.drop.aquaculture.food":1,"stat.pickup.minecraft.fishing_rod":4,"stat.useItem.minecraft.planks":25,"stat.pickup.minecraft.porkchop":46,"stat.pickup.toughasnails.jelled_slime_leggings":1,"stat.mineBlock.gravestone.gravestone":40,"stat.craftItem.aquaculture.iron_fishing_rod":1,"stat.useItem.minecraft.water_bucket":29,"stat.pickup.minecraft.rotten_flesh":321,"stat.pickup.minecraft.sand":131,"stat.entityKilledBy.Spider":2,"stat.craftItem.minecraft.stone_axe":3,"stat.pickup.minecraft.bucket":1,"stat.craftItem.minecraft.stone_sword":1,"stat.entityKilledBy.artifacts.mimic":2,"stat.mineBlock.minecraft.sand":67,"stat.useItem.minecraft.iron_pickaxe":88,"stat.useItem.minecraft.spawn_egg":1,"stat.craftItem.minecraft.wooden_pickaxe":1,"stat.craftItem.minecraft.glass_pane":16,"stat.drop.gravestone.death_info":80,"stat.mineBlock.minecraft.vine":1,"stat.pickup.minecraft.record_far":1,"stat.furnaceInteraction":85,"stat.drop.minecraft.gravel":128,"stat.killEntity.ZombieVillager":4,"stat.drop.minecraft.red_flower":1,"stat.pickup.toughasnails.campfire":5,"stat.pickup.minecraft.beef":133,"stat.pickup.minecraft.furnace":8,"stat.useItem.minecraft.cooked_mutton":6,"stat.pickup.aquaculture.loot":6,"stat.pickup.minecraft.iron_chestplate":4,"stat.pickup.minecraft.skull":4,"stat.entityKilledBy.mutantbeasts.mutant_skeleton":3,"stat.craftItem.toughasnails.purified_water_bottle":1,"stat.craftItem.toughasnails.canteen":7,"stat.deaths":62,"stat.pickup.minecraft.egg":9,"stat.playOneMinute":479995,"stat.drop.minecraft.string":5,"stat.craftItem.minecraft.iron_pickaxe":1,"stat.pickup.toughasnails.canteen":12,"stat.craftItem.mutantbeasts.mutant_skeleton_arms":1,"stat.mineBlock.minecraft.tallgrass":66,"stat.craftItem.minecraft.cooked_mutton":14,"stat.fishCaught":5,"stat.pickup.minecraft.cooked_mutton":59,"stat.chestOpened":169,"stat.useItem.minecraft.splash_potion":4,"stat.useItem.minecraft.stone":43,"stat.pickup.minecraft.arrow":611,"stat.mineBlock.toughasnails.campfire":4,"stat.craftItem.minecraft.coal":3,"stat.craftItem.minecraft.iron_nugget":117,"stat.fallOneCm":440006,"stat.drop.minecraft.stone":65,"stat.drop.minecraft.dye":2,"stat.pickup.mutantbeasts.mutant_skeleton_shoulder_pad":11,"stat.pickup.mutantbeasts.mutant_skeleton_skull":28,"stat.crouchOneCm":104308,"stat.craftItem.minecraft.iron_ingot":93,"stat.pickup.cgm.assault_rifle":12,"stat.craftingTableInteraction":57,"stat.pickup.minecraft.wooden_pickaxe":4,"stat.pickup.minecraft.feather":20,"stat.drop.minecraft.bone":2,"stat.pickup.minecraft.record_cat":2,"stat.useItem.minecraft.furnace":2,"stat.pickup.minecraft.dye":27,"stat.pickup.minecraft.planks":519,"stat.pickup.aquaculture.fish":9,"stat.pickup.minecraft.wheat_seeds":66,"stat.mineBlock.minecraft.gravel":89,"stat.useItem.minecraft.stone_pickaxe":917,"stat.useItem.minecraft.stone_sword":133,"stat.killEntity.Rabbit":2,"stat.pickup.toughasnails.jelled_slime_helmet":1,"stat.mineBlock.minecraft.dirt":39,"stat.useItem.minecraft.torch":81,"stat.pickup.minecraft.golden_apple":1,"stat.drop.minecraft.rotten_flesh":10,"stat.pickup.minecraft.crafting_table":24,"stat.useItem.minecraft.log":1,"stat.useItem.minecraft.cobblestone":128,"stat.craftItem.minecraft.crafting_table":4,"stat.useItem.minecraft.gravel":66,"stat.mineBlock.minecraft.double_plant":1,"stat.craftItem.firstaid.bandage":4,"stat.pickup.minecraft.log":269,"stat.pickup.minecraft.compass":1,"stat.drop.minecraft.chicken":8,"stat.pickup.minecraft.iron_pickaxe":11,"stat.pickup.usefulbackpacks.backpack":15,"stat.craftItem.usefulbackpacks.backpack":3,"stat.drop.minecraft.planks":1,"stat.pickup.minecraft.chicken":28,"stat.pickup.minecraft.sapling":12,"stat.pickup.minecraft.apple":2,"stat.craftItem.minecraft.bucket":1,"stat.craftItem.minecraft.planks":148,"stat.useItem.mutantbeasts.hulk_hammer":70,"stat.pickup.minecraft.stone_sword":2,"stat.mineBlock.minecraft.log":104,"stat.craftItem.minecraft.paper":6,"stat.craftItem.mutantbeasts.mutant_skeleton_boots":1,"stat.craftItem.mutantbeasts.mutant_skeleton_leggings":1,"stat.pickup.mutantbeasts.mutant_skeleton_limb":35,"stat.pickup.minecraft.red_flower":11,"stat.drop.artifacts.everlasting_cooked_beef":2,"stat.sneakTime":55464,"stat.pickup.minecraft.wool":108,"stat.pickup.aquaculture.neptunium_helmet":1,"stat.useItem.minecraft.wooden_axe":4,"stat.pickup.minecraft.stone_slab":31,"stat.pickup.minecraft.yellow_flower":5,"stat.drop.minecraft.wooden_axe":1,"stat.drop.minecraft.stone_pickaxe":2,"stat.pickup.minecraft.bone":331,"stat.useItem.minecraft.iron_axe":11,"stat.mineBlock.minecraft.cobblestone":32,"stat.pickup.minecraft.stone_pickaxe":21,"stat.pickup.minecraft.flint":56,"stat.mineBlock.minecraft.yellow_flower":3,"stat.entityKilledBy.Witch":1,"stat.mineBlock.minecraft.concrete":3,"stat.useItem.minecraft.diamond_sword":67,"stat.swimOneCm":139536,"stat.drop.aquaculture.fish":3,"stat.useItem.minecraft.concrete_powder":2,"stat.climbOneCm":143709,"stat.pickup.minecraft.enchanted_book":1,"stat.drop.minecraft.cobblestone":4,"stat.pickup.minecraft.cooked_porkchop":176,"stat.pickup.mutantbeasts.mutant_skeleton_chestplate":14,"stat.entityKilledBy.mutantbeasts.mutant_zombie":1,"stat.useItem.minecraft.dirt":171,"stat.useItem.minecraft.stone_slab2":285,"stat.pickup.minecraft.bow":6,"stat.pickup.minecraft.iron_boots":10,"stat.craftItem.minecraft.furnace":1,"stat.entityKilledBy.mutantbeasts.mutant_enderman":1,"stat.killEntity.artifacts.mimic":1,"stat.useItem.minecraft.egg":2,"stat.craftItem.minecraft.iron_boots":1,"stat.pickup.mutantbeasts.mutant_skeleton_leggings":8,"stat.drop.cgm.assault_rifle":1,"stat.craftItem.minecraft.stone_pickaxe":8,"stat.craftItem.minecraft.cooked_beef":70,"stat.pickup.minecraft.cobblestone":1456,"stat.pickup.mutantbeasts.mutant_skeleton_rib":38,"stat.useItem.minecraft.stone_shovel":122,"stat.flyOneCm":2095726,"stat.pickup.minecraft.sandstone":20,"stat.drop.minecraft.wheat_seeds":12,"stat.craftItem.toughasnails.campfire":6,"stat.useItem.minecraft.cooked_beef":10,"stat.craftItem.toughasnails.charcoal_filter":9,"stat.pickup.minecraft.cactus":54,"stat.mineBlock.minecraft.iron_ore":99,"stat.timeSinceDeath":7416,"stat.drop.minecraft.spider_eye":1,"stat.pickup.minecraft.mutton":134,"stat.killEntity.Bat":1,"stat.pickup.cgm.basic_ammo":1447,"stat.pickup.minecraft.wooden_axe":5,"stat.drop.minecraft.dirt":27,"stat.craftItem.minecraft.concrete_powder":96,"stat.useItem.minecraft.cooked_porkchop":12,"stat.mineBlock.minecraft.coal_ore":133,"stat.killEntity.Creeper":22,"stat.pickup.minecraft.string":121,"stat.pickup.cgm.advanced_ammo":96,"stat.mineBlock.minecraft.ladder":1,"stat.entityKilledBy.Skeleton":13,"stat.craftItem.minecraft.stone_slab2":0,"stat.killEntity.mutantbeasts.mutant_zombie":4,"stat.killEntity.Squid":3,"stat.sprintOneCm":795327,"stat.mineBlock.minecraft.stone_slab":7,"stat.drop.minecraft.leather":1,"stat.craftItem.minecraft.stick":108,"stat.craftItem.minecraft.wooden_axe":1,"stat.useItem.minecraft.stone_slab":7,"stat.craftItem.minecraft.stone":10,"stat.mineBlock.minecraft.crafting_table":11,"stat.pickup.mutantbeasts.mutant_skeleton_boots":8,"stat.drop.minecraft.lava_bucket":1,"stat.entityKilledBy.Creeper":4,"stat.mineBlock.minecraft.planks":8,"stat.drop":149,"stat.killEntity.Sheep":61,"stat.entityKilledBy.mutantbeasts.mutant_creeper":1,"stat.useItem.minecraft.ladder":2,"stat.killEntity.Zombie":45,"stat.craftItem.minecraft.dye":30,"stat.pickup.artifacts.bottled_cloud":12,"stat.craftItem.forge.bucketfilled":1,"stat.diveOneCm":154856,"stat.craftItem.minecraft.ladder":15,"stat.pickup.toughasnails.jelled_slime_chestplate":1,"stat.pickup.cgm.scope":2,"stat.pickup.minecraft.gravel":673,"stat.drop.minecraft.cooked_beef":16,"stat.craftItem.minecraft.cooked_porkchop":22,"stat.pickup.minecraft.stone_axe":18,"stat.pickup.toughasnails.charcoal_filter":33,"stat.pickup.aquaculture.iron_fishing_rod":2,"stat.mineBlock.minecraft.deadbush":13,"stat.jump":7203,"stat.useItem.minecraft.sand":1,"stat.pickup.minecraft.coal":315,"stat.pickup.minecraft.iron_ingot":48,"stat.useItem.minecraft.stone_axe":219,"stat.pickup.minecraft.gunpowder":325,"stat.pickup.minecraft.spider_eye":1,"stat.craftItem.minecraft.torch":56,"stat.pickup.minecraft.dirt":361,"stat.useItem.aquaculture.neptunium_sword":10,"stat.pickup.minecraft.iron_ore":184,"stat.drop.toughasnails.campfire":2,"stat.pickup.minecraft.stone_shovel":1,"stat.useItem.minecraft.sapling":1,"stat.killEntity.mutantbeasts.mutant_creeper":1,"stat.pickup.minecraft.iron_axe":8,"stat.pickup.minecraft.leather":129,"stat.damageTaken":21120,"stat.mineBlock.minecraft.furnace":4,"stat.mineBlock.minecraft.torch":19,"stat.mineBlock.minecraft.red_flower":9,"stat.useItem.minecraft.wooden_pickaxe":52,"stat.pickup.minecraft.log2":2,"stat.pickup.minecraft.reeds":187,"stat.craftItem.mutantbeasts.mutant_skeleton_chestplate":1,"stat.craftItem.cgm.workbench":1,"stat.entityKilledBy.ZombieVillager":1,"stat.pickup.minecraft.concrete":3,"stat.pickup.minecraft.potato":14,"stat.useItem.forge.bucketfilled":3,"stat.entityKilledBy.Zombie":7,"stat.pickup.minecraft.rabbit_hide":6,"stat.damageDealt":20292,"stat.craftItem.minecraft.glass":25,"stat.sleepInBed":21,"stat.killEntity.Cow":31,"stat.useItem.minecraft.crafting_table":1,"stat.killEntity.Pig":11,"stat.pickup.artifacts.obsidian_skull":2,"stat.pickup.aquaculture.food":1,"stat.craftItem.minecraft.stone_slab":6,"stat.craftItem.minecraft.stone_shovel":1,"stat.walkOneCm":673327,"stat.playerKills":4,"stat.pickup.minecraft.stick":154,"stat.pickup.cgm.handgun":13,"stat.useItem.minecraft.lava_bucket":7,"stat.drop.cgm.advanced_ammo":64,"stat.pickup.minecraft.tnt":9,"stat.pickup.minecraft.stone":165,"stat.craftItem.minecraft.iron_chestplate":1,"stat.drop.minecraft.potato":1,"stat.pickup.minecraft.cooked_beef":155,"stat.pickup.minecraft.ladder":31,"stat.pickup.minecraft.gold_ingot":3,"stat.pickup.mutantbeasts.hulk_hammer":21,"stat.killEntity.Skeleton":25,"stat.pickup.minecraft.record_mellohi":6,"stat.craftItem.mutantbeasts.mutant_skeleton_rib_cage":1,"stat.mineBlock.minecraft.cactus":3,"stat.killEntity.Chicken":8,"stat.killEntity.Spider":8,"stat.drop.cgm.handgun":2,"stat.mobKills":254,"stat.drop.cgm.basic_ammo":64,"stat.useItem.minecraft.golden_apple":4,"stat.pickup.minecraft.water_bucket":5,"stat.pickup.minecraft.diamond":1,"stat.mineBlock.minecraft.leaves":35,"stat.pickup.minecraft.iron_horse_armor":1,"stat.pickup.minecraft.torch":306,"stat.drop.minecraft.stone_axe":1,"stat.drop.minecraft.arrow":1,"stat.pickup.artifacts.everlasting_cooked_beef":1,"stat.mineBlock.minecraft.stone":669,"stat.useItem.minecraft.sandstone":8}