{"stat.walkOneCm":33786,"stat.pickup.minecraft.bone":1,"stat.leaveGame":1,"stat.pickup.minecraft.crafting_table":2,"stat.mineBlock.minecraft.ice":8,"stat.craftItem.minecraft.crafting_table":2,"stat.pickup.dungeontactics.bag_ore":1,"stat.mineBlock.minecraft.coal_ore":1,"stat.pickup.minecraft.log":12,"stat.jump":351,"stat.swimOneCm":273,"stat.pickup.minecraft.coal":1,"stat.fallOneCm":10945,"stat.useItem.minecraft.stone_axe":2,"stat.crouchOneCm":3049,"stat.pickup.scalinghealth.heartcontainer":1,"stat.entityKilledBy.HungryZombie":1,"stat.pickup.minecraft.dirt":6,"stat.useItem.minecraft.dirt":2,"stat.sprintOneCm":46968,"stat.useItem.minecraft.stone_slab2":5,"stat.mineBlock.minecraft.stone_slab":1,"stat.craftItem.minecraft.stick":12,"stat.craftItem.minecraft.wooden_axe":1,"stat.craftingTableInteraction":3,"stat.pickup.minecraft.iron_ore":1,"stat.mineBlock.treasure2.skull_and_crossbones":1,"stat.craftItem.minecraft.planks":48,"stat.useItem.minecraft.snowball":1,"stat.craftItem.minecraft.stone_axe":1,"stat.entityKilledBy.primitivemobs.rocket_creeper":1,"stat.damageTaken":820,"stat.mineBlock.minecraft.crafting_table":2,"stat.craftItem.minecraft.stone_pickaxe":1,"stat.useItem.minecraft.wooden_pickaxe":9,"stat.mobKills":2,"stat.pickup.minecraft.cobblestone":17,"stat.craftItem.minecraft.wooden_sword":1,"stat.mineBlock.minecraft.log":12,"stat.pickup.minecraft.planks":37,"stat.pickup.minecraft.reeds":4,"stat.pickup.dungeontactics.iron_cluster":1,"stat.flyOneCm":85207,"stat.deaths":3,"stat.playOneMinute":16049,"stat.useItem.minecraft.wooden_sword":9,"stat.useItem.minecraft.stone_pickaxe":12,"stat.sneakTime":1411,"stat.damageDealt":418,"stat.mineBlock.minecraft.iron_ore":1,"stat.pickup.minecraft.snowball":6,"stat.timeSinceDeath":1923,"stat.killEntity.primitivemobs.haunted_tool":1,"stat.useItem.minecraft.wooden_axe":1,"stat.pickup.minecraft.stone_slab":1,"stat.craftItem.minecraft.wooden_pickaxe":1,"stat.mineBlock.minecraft.stone":17,"stat.mineBlock.minecraft.tallgrass":1,"stat.diveOneCm":305}