{"stat.drop.minecraft.stone_pickaxe":1,"stat.useItem.minecraft.bow":4,"stat.pickup.minecraft.bone":115,"stat.useItem.minecraft.stone":31,"stat.leaveGame":1,"stat.pickup.minecraft.arrow":99,"stat.mineBlock.minecraft.cobblestone":2,"stat.pickup.minecraft.stone_pickaxe":6,"stat.pickup.minecraft.stone_axe":7,"stat.pickup.mutantbeasts.mutant_skeleton_pelvis":1,"stat.useItem.minecraft.diamond_sword":67,"stat.pickup.gravestone.death_info":14,"stat.swimOneCm":34812,"stat.jump":1458,"stat.pickup.minecraft.coal":53,"stat.fallOneCm":31370,"stat.climbOneCm":239,"stat.useItem.minecraft.planks":1,"stat.drop.minecraft.stone":1,"stat.drop.minecraft.dye":2,"stat.pickup.mutantbeasts.mutant_skeleton_shoulder_pad":1,"stat.useItem.minecraft.stone_axe":71,"stat.pickup.mutantbeasts.mutant_skeleton_skull":1,"stat.pickup.minecraft.gunpowder":66,"stat.crouchOneCm":14084,"stat.mineBlock.gravestone.gravestone":5,"stat.pickup.minecraft.spider_eye":1,"stat.craftItem.minecraft.torch":8,"stat.pickup.minecraft.dirt":162,"stat.useItem.minecraft.dirt":92,"stat.useItem.minecraft.stone_slab2":212,"stat.pickup.minecraft.bow":5,"stat.craftingTableInteraction":9,"stat.pickup.minecraft.rotten_flesh":111,"stat.pickup.minecraft.sand":1,"stat.craftItem.minecraft.furnace":1,"stat.entityKilledBy.Spider":2,"stat.killEntity.mutantbeasts.mutant_creeper":1,"stat.craftItem.minecraft.stone_axe":2,"stat.pickup.minecraft.wooden_pickaxe":3,"stat.pickup.minecraft.leather":53,"stat.damageTaken":4728,"stat.craftItem.minecraft.stone_pickaxe":2,"stat.mineBlock.minecraft.furnace":4,"stat.mineBlock.minecraft.torch":11,"stat.useItem.minecraft.wooden_pickaxe":52,"stat.craftItem.minecraft.cooked_beef":14,"stat.useItem.minecraft.furnace":1,"stat.pickup.minecraft.cobblestone":272,"stat.pickup.minecraft.dye":2,"stat.pickup.minecraft.planks":109,"stat.pickup.minecraft.reeds":25,"stat.craftItem.minecraft.stone_sword":1,"stat.flyOneCm":508366,"stat.pickup.minecraft.wheat_seeds":20,"stat.mineBlock.minecraft.sand":1,"stat.entityKilledBy.Zombie":2,"stat.drop.minecraft.wheat_seeds":1,"stat.craftItem.toughasnails.campfire":1,"stat.useItem.minecraft.stone_pickaxe":105,"stat.useItem.minecraft.cooked_beef":3,"stat.useItem.minecraft.stone_sword":133,"stat.damageDealt":12284,"stat.timeSinceDeath":580,"stat.killEntity.Cow":5,"stat.mineBlock.minecraft.dirt":4,"stat.craftItem.minecraft.wooden_pickaxe":1,"stat.drop.minecraft.spider_eye":1,"stat.craftItem.minecraft.stone_slab":6,"stat.walkOneCm":99426,"stat.useItem.minecraft.torch":9,"stat.playerKills":1,"stat.drop.gravestone.death_info":12,"stat.pickup.minecraft.stick":10,"stat.pickup.minecraft.wooden_axe":3,"stat.drop.minecraft.rotten_flesh":5,"stat.mineBlock.minecraft.vine":1,"stat.pickup.minecraft.crafting_table":6,"stat.useItem.minecraft.cobblestone":21,"stat.craftItem.minecraft.crafting_table":2,"stat.furnaceInteraction":17,"stat.drop.minecraft.dirt":12,"stat.mineBlock.minecraft.double_plant":1,"stat.useItem.minecraft.lava_bucket":5,"stat.mineBlock.minecraft.coal_ore":20,"stat.killEntity.Creeper":12,"stat.pickup.minecraft.string":23,"stat.pickup.minecraft.log":139,"stat.pickup.minecraft.beef":14,"stat.pickup.minecraft.furnace":6,"stat.entityKilledBy.Skeleton":6,"stat.craftItem.minecraft.stone_slab2":0,"stat.pickup.minecraft.stone":128,"stat.pickup.minecraft.sapling":4,"stat.sprintOneCm":98252,"stat.mineBlock.minecraft.stone_slab":7,"stat.pickup.minecraft.cooked_beef":99,"stat.craftItem.minecraft.stick":16,"stat.craftItem.minecraft.wooden_axe":1,"stat.killEntity.Skeleton":17,"stat.useItem.minecraft.stone_slab":7,"stat.pickup.minecraft.record_mellohi":5,"stat.craftItem.minecraft.planks":36,"stat.craftItem.minecraft.stone":10,"stat.killEntity.Spider":8,"stat.mineBlock.minecraft.crafting_table":3,"stat.pickup.minecraft.stone_sword":2,"stat.mobKills":72,"stat.mineBlock.minecraft.log":36,"stat.entityKilledBy.Creeper":3,"stat.deaths":15,"stat.mineBlock.minecraft.planks":1,"stat.drop":25,"stat.mineBlock.minecraft.leaves":7,"stat.playOneMinute":90163,"stat.drop.minecraft.string":5,"stat.pickup.minecraft.torch":33,"stat.pickup.mutantbeasts.mutant_skeleton_limb":1,"stat.entityKilledBy.mutantbeasts.mutant_creeper":1,"stat.sneakTime":7527,"stat.pickup.minecraft.wool":3,"stat.drop.minecraft.stone_axe":1,"stat.killEntity.Zombie":17,"stat.useItem.minecraft.wooden_axe":4,"stat.pickup.minecraft.stone_slab":31,"stat.mineBlock.minecraft.stone":100,"stat.mineBlock.minecraft.tallgrass":19,"stat.diveOneCm":26734,"stat.drop.minecraft.wooden_axe":1,"stat.pickup.minecraft.cooked_mutton":8}