{"stat.useItem.minecraft.bow":4,"stat.pickup.artifacts.everlasting_cooked_porkchop":1,"stat.pickup.minecraft.wooden_slab":8,"stat.leaveGame":3,"stat.pickup.mutantbeasts.mutant_skeleton_pelvis":1,"stat.drop.artifacts.everlasting_cooked_porkchop":1,"stat.pickup.gravestone.death_info":41,"stat.mineBlock.minecraft.sandstone":16,"stat.pickup.minecraft.fishing_rod":4,"stat.useItem.minecraft.planks":25,"stat.pickup.minecraft.porkchop":44,"stat.mineBlock.gravestone.gravestone":26,"stat.useItem.minecraft.water_bucket":19,"stat.pickup.minecraft.rotten_flesh":295,"stat.pickup.minecraft.sand":131,"stat.entityKilledBy.Spider":2,"stat.craftItem.minecraft.stone_axe":3,"stat.pickup.minecraft.bucket":1,"stat.craftItem.minecraft.stone_sword":1,"stat.entityKilledBy.artifacts.mimic":2,"stat.mineBlock.minecraft.sand":67,"stat.craftItem.minecraft.wooden_pickaxe":1,"stat.drop.gravestone.death_info":42,"stat.mineBlock.minecraft.vine":1,"stat.furnaceInteraction":54,"stat.killEntity.ZombieVillager":2,"stat.drop.minecraft.red_flower":1,"stat.pickup.toughasnails.campfire":1,"stat.pickup.minecraft.beef":129,"stat.pickup.minecraft.furnace":8,"stat.useItem.minecraft.cooked_mutton":6,"stat.pickup.minecraft.iron_chestplate":4,"stat.pickup.minecraft.skull":4,"stat.entityKilledBy.mutantbeasts.mutant_skeleton":1,"stat.craftItem.toughasnails.canteen":4,"stat.deaths":29,"stat.pickup.minecraft.egg":1,"stat.playOneMinute":307400,"stat.drop.minecraft.string":5,"stat.pickup.toughasnails.canteen":3,"stat.craftItem.mutantbeasts.mutant_skeleton_arms":1,"stat.mineBlock.minecraft.tallgrass":45,"stat.pickup.minecraft.cooked_mutton":53,"stat.chestOpened":63,"stat.useItem.minecraft.stone":43,"stat.pickup.minecraft.arrow":574,"stat.mineBlock.toughasnails.campfire":3,"stat.craftItem.minecraft.coal":3,"stat.craftItem.minecraft.iron_nugget":18,"stat.fallOneCm":138915,"stat.drop.minecraft.stone":65,"stat.drop.minecraft.dye":2,"stat.pickup.mutantbeasts.mutant_skeleton_shoulder_pad":5,"stat.pickup.mutantbeasts.mutant_skeleton_skull":12,"stat.crouchOneCm":76656,"stat.craftItem.minecraft.iron_ingot":31,"stat.craftingTableInteraction":44,"stat.pickup.minecraft.wooden_pickaxe":4,"stat.pickup.minecraft.feather":12,"stat.useItem.minecraft.furnace":2,"stat.pickup.minecraft.dye":15,"stat.pickup.minecraft.planks":517,"stat.pickup.minecraft.wheat_seeds":46,"stat.mineBlock.minecraft.gravel":64,"stat.useItem.minecraft.stone_pickaxe":908,"stat.useItem.minecraft.stone_sword":133,"stat.mineBlock.minecraft.dirt":23,"stat.useItem.minecraft.torch":38,"stat.pickup.minecraft.golden_apple":1,"stat.drop.minecraft.rotten_flesh":7,"stat.pickup.minecraft.crafting_table":24,"stat.useItem.minecraft.log":1,"stat.useItem.minecraft.cobblestone":116,"stat.craftItem.minecraft.crafting_table":4,"stat.useItem.minecraft.gravel":9,"stat.mineBlock.minecraft.double_plant":1,"stat.craftItem.firstaid.bandage":4,"stat.pickup.minecraft.log":262,"stat.drop.minecraft.chicken":8,"stat.pickup.usefulbackpacks.backpack":3,"stat.craftItem.usefulbackpacks.backpack":2,"stat.pickup.minecraft.chicken":24,"stat.pickup.minecraft.sapling":12,"stat.craftItem.minecraft.bucket":1,"stat.craftItem.minecraft.planks":136,"stat.useItem.mutantbeasts.hulk_hammer":7,"stat.pickup.minecraft.stone_sword":2,"stat.mineBlock.minecraft.log":97,"stat.craftItem.minecraft.paper":6,"stat.pickup.mutantbeasts.mutant_skeleton_limb":15,"stat.pickup.minecraft.red_flower":2,"stat.drop.artifacts.everlasting_cooked_beef":2,"stat.sneakTime":35781,"stat.pickup.minecraft.wool":48,"stat.useItem.minecraft.wooden_axe":4,"stat.pickup.minecraft.stone_slab":31,"stat.drop.minecraft.wooden_axe":1,"stat.drop.minecraft.stone_pickaxe":1,"stat.pickup.minecraft.bone":306,"stat.mineBlock.minecraft.cobblestone":31,"stat.pickup.minecraft.stone_pickaxe":19,"stat.pickup.minecraft.flint":23,"stat.mineBlock.minecraft.concrete":3,"stat.useItem.minecraft.diamond_sword":67,"stat.swimOneCm":88033,"stat.useItem.minecraft.concrete_powder":2,"stat.climbOneCm":84541,"stat.pickup.minecraft.enchanted_book":1,"stat.pickup.minecraft.cooked_porkchop":50,"stat.pickup.mutantbeasts.mutant_skeleton_chestplate":5,"stat.useItem.minecraft.dirt":167,"stat.useItem.minecraft.stone_slab2":268,"stat.pickup.minecraft.bow":6,"stat.pickup.minecraft.iron_boots":9,"stat.craftItem.minecraft.furnace":1,"stat.killEntity.artifacts.mimic":1,"stat.craftItem.minecraft.iron_boots":1,"stat.craftItem.minecraft.stone_pickaxe":8,"stat.craftItem.minecraft.cooked_beef":14,"stat.pickup.minecraft.cobblestone":1362,"stat.pickup.mutantbeasts.mutant_skeleton_rib":16,"stat.useItem.minecraft.stone_shovel":122,"stat.flyOneCm":1343813,"stat.pickup.minecraft.sandstone":20,"stat.drop.minecraft.wheat_seeds":9,"stat.craftItem.toughasnails.campfire":5,"stat.useItem.minecraft.cooked_beef":10,"stat.craftItem.toughasnails.charcoal_filter":9,"stat.pickup.minecraft.cactus":54,"stat.mineBlock.minecraft.iron_ore":79,"stat.timeSinceDeath":5986,"stat.drop.minecraft.spider_eye":1,"stat.pickup.minecraft.mutton":69,"stat.killEntity.Bat":1,"stat.pickup.cgm.basic_ammo":389,"stat.pickup.minecraft.wooden_axe":5,"stat.drop.minecraft.dirt":24,"stat.craftItem.minecraft.concrete_powder":96,"stat.useItem.minecraft.cooked_porkchop":2,"stat.mineBlock.minecraft.coal_ore":98,"stat.killEntity.Creeper":17,"stat.pickup.minecraft.string":111,"stat.pickup.cgm.advanced_ammo":64,"stat.mineBlock.minecraft.ladder":1,"stat.entityKilledBy.Skeleton":7,"stat.craftItem.minecraft.stone_slab2":0,"stat.killEntity.mutantbeasts.mutant_zombie":3,"stat.killEntity.Squid":3,"stat.sprintOneCm":437898,"stat.mineBlock.minecraft.stone_slab":7,"stat.craftItem.minecraft.stick":84,"stat.craftItem.minecraft.wooden_axe":1,"stat.useItem.minecraft.stone_slab":7,"stat.craftItem.minecraft.stone":10,"stat.mineBlock.minecraft.crafting_table":11,"stat.entityKilledBy.Creeper":3,"stat.mineBlock.minecraft.planks":8,"stat.drop":79,"stat.killEntity.Sheep":33,"stat.entityKilledBy.mutantbeasts.mutant_creeper":1,"stat.useItem.minecraft.ladder":2,"stat.killEntity.Zombie":36,"stat.craftItem.minecraft.dye":30,"stat.pickup.artifacts.bottled_cloud":1,"stat.craftItem.forge.bucketfilled":1,"stat.diveOneCm":94632,"stat.craftItem.minecraft.ladder":15,"stat.pickup.minecraft.gravel":152,"stat.drop.minecraft.cooked_beef":16,"stat.craftItem.minecraft.cooked_porkchop":21,"stat.pickup.minecraft.stone_axe":18,"stat.mineBlock.minecraft.deadbush":13,"stat.jump":4821,"stat.useItem.minecraft.sand":1,"stat.pickup.minecraft.coal":281,"stat.useItem.minecraft.stone_axe":219,"stat.pickup.minecraft.gunpowder":305,"stat.pickup.minecraft.spider_eye":1,"stat.craftItem.minecraft.torch":56,"stat.pickup.minecraft.dirt":320,"stat.pickup.minecraft.iron_ore":143,"stat.drop.toughasnails.campfire":2,"stat.pickup.minecraft.stone_shovel":1,"stat.killEntity.mutantbeasts.mutant_creeper":1,"stat.pickup.minecraft.leather":125,"stat.damageTaken":9792,"stat.mineBlock.minecraft.furnace":4,"stat.mineBlock.minecraft.torch":13,"stat.useItem.minecraft.wooden_pickaxe":52,"stat.pickup.minecraft.reeds":163,"stat.craftItem.mutantbeasts.mutant_skeleton_chestplate":1,"stat.craftItem.cgm.workbench":1,"stat.pickup.minecraft.concrete":3,"stat.pickup.minecraft.potato":12,"stat.useItem.forge.bucketfilled":3,"stat.entityKilledBy.Zombie":4,"stat.damageDealt":18391,"stat.sleepInBed":10,"stat.killEntity.Cow":30,"stat.useItem.minecraft.crafting_table":1,"stat.killEntity.Pig":11,"stat.craftItem.minecraft.stone_slab":6,"stat.craftItem.minecraft.stone_shovel":1,"stat.walkOneCm":425422,"stat.playerKills":4,"stat.pickup.minecraft.stick":106,"stat.pickup.cgm.handgun":12,"stat.useItem.minecraft.lava_bucket":5,"stat.drop.cgm.advanced_ammo":64,"stat.pickup.minecraft.tnt":9,"stat.pickup.minecraft.stone":160,"stat.craftItem.minecraft.iron_chestplate":1,"stat.pickup.minecraft.cooked_beef":155,"stat.pickup.minecraft.ladder":29,"stat.pickup.minecraft.gold_ingot":3,"stat.pickup.mutantbeasts.hulk_hammer":8,"stat.killEntity.Skeleton":19,"stat.pickup.minecraft.record_mellohi":6,"stat.craftItem.mutantbeasts.mutant_skeleton_rib_cage":1,"stat.mineBlock.minecraft.cactus":3,"stat.killEntity.Chicken":8,"stat.killEntity.Spider":8,"stat.drop.cgm.handgun":2,"stat.mobKills":192,"stat.drop.cgm.basic_ammo":64,"stat.useItem.minecraft.golden_apple":4,"stat.pickup.minecraft.water_bucket":2,"stat.mineBlock.minecraft.leaves":34,"stat.pickup.minecraft.iron_horse_armor":1,"stat.pickup.minecraft.torch":113,"stat.drop.minecraft.stone_axe":1,"stat.drop.minecraft.arrow":1,"stat.pickup.artifacts.everlasting_cooked_beef":1,"stat.mineBlock.minecraft.stone":633,"stat.useItem.minecraft.sandstone":8}