{"stat.drop.minecraft.stone_pickaxe":1,"stat.useItem.minecraft.bow":4,"stat.pickup.minecraft.bone":60,"stat.useItem.minecraft.stone":10,"stat.leaveGame":1,"stat.pickup.minecraft.arrow":53,"stat.mineBlock.minecraft.cobblestone":1,"stat.pickup.minecraft.stone_pickaxe":3,"stat.pickup.minecraft.stone_axe":4,"stat.useItem.minecraft.diamond_sword":16,"stat.pickup.gravestone.death_info":7,"stat.swimOneCm":18762,"stat.jump":674,"stat.pickup.minecraft.coal":20,"stat.fallOneCm":10815,"stat.climbOneCm":239,"stat.useItem.minecraft.planks":1,"stat.useItem.minecraft.stone_axe":60,"stat.pickup.minecraft.gunpowder":38,"stat.crouchOneCm":11227,"stat.mineBlock.gravestone.gravestone":3,"stat.pickup.minecraft.spider_eye":1,"stat.craftItem.minecraft.torch":8,"stat.pickup.minecraft.dirt":34,"stat.useItem.minecraft.dirt":92,"stat.useItem.minecraft.stone_slab2":19,"stat.pickup.minecraft.bow":3,"stat.craftingTableInteraction":8,"stat.pickup.minecraft.rotten_flesh":45,"stat.craftItem.minecraft.furnace":1,"stat.craftItem.minecraft.stone_axe":2,"stat.pickup.minecraft.wooden_pickaxe":1,"stat.pickup.minecraft.leather":27,"stat.damageTaken":1374,"stat.craftItem.minecraft.stone_pickaxe":2,"stat.mineBlock.minecraft.furnace":1,"stat.mineBlock.minecraft.torch":9,"stat.useItem.minecraft.wooden_pickaxe":52,"stat.craftItem.minecraft.cooked_beef":14,"stat.pickup.minecraft.cobblestone":161,"stat.pickup.minecraft.planks":45,"stat.pickup.minecraft.reeds":15,"stat.craftItem.minecraft.stone_sword":1,"stat.flyOneCm":145965,"stat.pickup.minecraft.wheat_seeds":9,"stat.entityKilledBy.Zombie":1,"stat.useItem.minecraft.stone_pickaxe":90,"stat.useItem.minecraft.cooked_beef":2,"stat.useItem.minecraft.stone_sword":133,"stat.damageDealt":7941,"stat.timeSinceDeath":668,"stat.killEntity.Cow":5,"stat.mineBlock.minecraft.dirt":1,"stat.craftItem.minecraft.wooden_pickaxe":1,"stat.drop.minecraft.spider_eye":1,"stat.craftItem.minecraft.stone_slab":6,"stat.walkOneCm":60810,"stat.useItem.minecraft.torch":9,"stat.playerKills":1,"stat.drop.gravestone.death_info":3,"stat.pickup.minecraft.stick":4,"stat.pickup.minecraft.wooden_axe":1,"stat.drop.minecraft.rotten_flesh":5,"stat.mineBlock.minecraft.vine":1,"stat.pickup.minecraft.crafting_table":4,"stat.useItem.minecraft.cobblestone":6,"stat.craftItem.minecraft.crafting_table":2,"stat.furnaceInteraction":9,"stat.drop.minecraft.dirt":12,"stat.mineBlock.minecraft.double_plant":1,"stat.mineBlock.minecraft.coal_ore":20,"stat.killEntity.Creeper":12,"stat.pickup.minecraft.string":10,"stat.pickup.minecraft.log":87,"stat.pickup.minecraft.beef":14,"stat.pickup.minecraft.furnace":2,"stat.entityKilledBy.Skeleton":3,"stat.craftItem.minecraft.stone_slab2":0,"stat.pickup.minecraft.stone":63,"stat.pickup.minecraft.sapling":1,"stat.sprintOneCm":45045,"stat.mineBlock.minecraft.stone_slab":7,"stat.pickup.minecraft.cooked_beef":37,"stat.craftItem.minecraft.stick":16,"stat.craftItem.minecraft.wooden_axe":1,"stat.killEntity.Skeleton":16,"stat.useItem.minecraft.stone_slab":7,"stat.pickup.minecraft.record_mellohi":3,"stat.craftItem.minecraft.planks":36,"stat.craftItem.minecraft.stone":10,"stat.killEntity.Spider":6,"stat.mineBlock.minecraft.crafting_table":3,"stat.pickup.minecraft.stone_sword":2,"stat.mobKills":55,"stat.mineBlock.minecraft.log":36,"stat.entityKilledBy.Creeper":1,"stat.deaths":5,"stat.mineBlock.minecraft.planks":1,"stat.drop":13,"stat.mineBlock.minecraft.leaves":7,"stat.playOneMinute":53263,"stat.drop.minecraft.string":5,"stat.pickup.minecraft.torch":19,"stat.sneakTime":6070,"stat.pickup.minecraft.wool":1,"stat.drop.minecraft.stone_axe":1,"stat.killEntity.Zombie":13,"stat.useItem.minecraft.wooden_axe":4,"stat.pickup.minecraft.stone_slab":19,"stat.mineBlock.minecraft.stone":91,"stat.mineBlock.minecraft.tallgrass":17,"stat.diveOneCm":13146,"stat.drop.minecraft.wooden_axe":1,"stat.pickup.minecraft.cooked_mutton":2}