{"stat.walkOneCm":36890,"stat.pickup.minecraft.stick":8,"stat.drop.minecraft.wooden_pickaxe":1,"stat.leaveGame":1,"stat.pickup.minecraft.waterlily":2,"stat.pickup.minecraft.crafting_table":5,"stat.pickup.minecraft.stone_pickaxe":1,"stat.craftItem.minecraft.crafting_table":1,"stat.furnaceInteraction":3,"stat.mineBlock.minecraft.double_plant":12,"stat.pickup.minecraft.log":41,"stat.jump":401,"stat.swimOneCm":248,"stat.fallOneCm":9237,"stat.climbOneCm":2234,"stat.pickup.minecraft.beef":24,"stat.pickup.minecraft.furnace":1,"stat.useItem.minecraft.stone_axe":48,"stat.craftItem.minecraft.stone_slab2":0,"stat.crouchOneCm":5268,"stat.pickup.minecraft.chicken":32,"stat.pickup.minecraft.sapling":1,"stat.pickup.minecraft.dirt":3,"stat.useItem.minecraft.dirt":2,"stat.sprintOneCm":35488,"stat.useItem.minecraft.stone_slab2":7,"stat.craftItem.minecraft.stick":16,"stat.craftItem.minecraft.wooden_axe":1,"stat.useItem.minecraft.cooked_chicken":2,"stat.craftingTableInteraction":6,"stat.pickup.minecraft.rotten_flesh":3,"stat.craftItem.minecraft.furnace":1,"stat.craftItem.minecraft.planks":36,"stat.killEntity.Chicken":12,"stat.useItem.minecraft.egg":8,"stat.craftItem.minecraft.stone_axe":1,"stat.damageTaken":315,"stat.mineBlock.minecraft.crafting_table":5,"stat.pickup.minecraft.feather":26,"stat.pickup.minecraft.leather":6,"stat.craftItem.minecraft.stone_pickaxe":1,"stat.mineBlock.minecraft.furnace":1,"stat.useItem.minecraft.wooden_pickaxe":9,"stat.pickup.minecraft.cobblestone":53,"stat.mobKills":21,"stat.mineBlock.minecraft.log":25,"stat.mineBlock.minecraft.waterlily":1,"stat.pickup.minecraft.planks":32,"stat.craftItem.minecraft.cooked_chicken":3,"stat.pickup.minecraft.reeds":22,"stat.craftItem.minecraft.stone_sword":1,"stat.flyOneCm":70218,"stat.deaths":1,"stat.pickup.minecraft.wheat_seeds":9,"stat.drop":6,"stat.pickup.minecraft.egg":8,"stat.mineBlock.minecraft.leaves":5,"stat.playOneMinute":17430,"stat.drop.minecraft.wheat_seeds":9,"stat.useItem.minecraft.stone_pickaxe":53,"stat.sneakTime":1313,"stat.useItem.minecraft.stone_sword":11,"stat.damageDealt":1700,"stat.killEntity.Zombie":3,"stat.timeSinceDeath":4623,"stat.useItem.minecraft.wooden_axe":10,"stat.killEntity.Cow":6,"stat.mineBlock.minecraft.dirt":3,"stat.craftItem.minecraft.wooden_pickaxe":1,"stat.mineBlock.minecraft.stone":50,"stat.mineBlock.minecraft.tallgrass":55,"stat.drop.minecraft.wooden_axe":1}