{"stat.drop.minecraft.stone_pickaxe":1,"stat.useItem.minecraft.bow":4,"stat.pickup.minecraft.bone":163,"stat.leaveGame":2,"stat.mineBlock.minecraft.cobblestone":27,"stat.pickup.minecraft.stone_pickaxe":7,"stat.pickup.mutantbeasts.mutant_skeleton_pelvis":1,"stat.useItem.minecraft.diamond_sword":67,"stat.pickup.gravestone.death_info":15,"stat.swimOneCm":36552,"stat.climbOneCm":239,"stat.useItem.minecraft.planks":1,"stat.pickup.minecraft.enchanted_book":1,"stat.mineBlock.gravestone.gravestone":6,"stat.useItem.minecraft.dirt":92,"stat.useItem.minecraft.stone_slab2":212,"stat.pickup.minecraft.bow":6,"stat.pickup.minecraft.rotten_flesh":128,"stat.pickup.minecraft.sand":1,"stat.craftItem.minecraft.furnace":1,"stat.entityKilledBy.Spider":2,"stat.craftItem.minecraft.stone_axe":2,"stat.craftItem.minecraft.stone_pickaxe":2,"stat.craftItem.minecraft.cooked_beef":14,"stat.pickup.minecraft.cobblestone":313,"stat.craftItem.minecraft.stone_sword":1,"stat.flyOneCm":667098,"stat.mineBlock.minecraft.sand":1,"stat.drop.minecraft.wheat_seeds":1,"stat.craftItem.toughasnails.campfire":1,"stat.useItem.minecraft.cooked_beef":3,"stat.timeSinceDeath":12981,"stat.craftItem.minecraft.wooden_pickaxe":1,"stat.drop.minecraft.spider_eye":1,"stat.drop.gravestone.death_info":14,"stat.pickup.minecraft.wooden_axe":3,"stat.mineBlock.minecraft.vine":1,"stat.furnaceInteraction":17,"stat.drop.minecraft.dirt":12,"stat.mineBlock.minecraft.coal_ore":20,"stat.killEntity.Creeper":12,"stat.pickup.minecraft.string":42,"stat.pickup.cgm.advanced_ammo":64,"stat.pickup.minecraft.beef":14,"stat.pickup.minecraft.furnace":8,"stat.entityKilledBy.Skeleton":6,"stat.craftItem.minecraft.stone_slab2":0,"stat.killEntity.mutantbeasts.mutant_zombie":1,"stat.sprintOneCm":99772,"stat.mineBlock.minecraft.stone_slab":7,"stat.pickup.minecraft.skull":4,"stat.craftItem.minecraft.stick":16,"stat.craftItem.minecraft.wooden_axe":1,"stat.useItem.minecraft.stone_slab":7,"stat.craftItem.minecraft.stone":10,"stat.mineBlock.minecraft.crafting_table":3,"stat.entityKilledBy.Creeper":3,"stat.deaths":15,"stat.mineBlock.minecraft.planks":8,"stat.drop":30,"stat.playOneMinute":102564,"stat.drop.minecraft.string":5,"stat.entityKilledBy.mutantbeasts.mutant_creeper":1,"stat.killEntity.Zombie":17,"stat.mineBlock.minecraft.tallgrass":19,"stat.diveOneCm":27822,"stat.pickup.minecraft.cooked_mutton":8,"stat.useItem.minecraft.stone":35,"stat.pickup.minecraft.arrow":118,"stat.pickup.minecraft.stone_axe":8,"stat.jump":1484,"stat.pickup.minecraft.coal":78,"stat.fallOneCm":32539,"stat.drop.minecraft.stone":65,"stat.drop.minecraft.dye":2,"stat.pickup.mutantbeasts.mutant_skeleton_shoulder_pad":1,"stat.useItem.minecraft.stone_axe":78,"stat.pickup.mutantbeasts.mutant_skeleton_skull":1,"stat.pickup.minecraft.gunpowder":88,"stat.crouchOneCm":14773,"stat.pickup.minecraft.spider_eye":1,"stat.craftItem.minecraft.torch":8,"stat.pickup.minecraft.dirt":162,"stat.craftingTableInteraction":9,"stat.killEntity.mutantbeasts.mutant_creeper":1,"stat.pickup.minecraft.wooden_pickaxe":3,"stat.pickup.minecraft.leather":66,"stat.damageTaken":4748,"stat.mineBlock.minecraft.furnace":4,"stat.mineBlock.minecraft.torch":11,"stat.useItem.minecraft.wooden_pickaxe":52,"stat.useItem.minecraft.furnace":1,"stat.pickup.minecraft.dye":2,"stat.pickup.minecraft.planks":136,"stat.pickup.minecraft.reeds":56,"stat.pickup.minecraft.wheat_seeds":20,"stat.entityKilledBy.Zombie":2,"stat.useItem.minecraft.stone_pickaxe":139,"stat.useItem.minecraft.stone_sword":133,"stat.damageDealt":12284,"stat.killEntity.Cow":5,"stat.mineBlock.minecraft.dirt":4,"stat.craftItem.minecraft.stone_slab":6,"stat.walkOneCm":100618,"stat.useItem.minecraft.torch":9,"stat.pickup.minecraft.golden_apple":1,"stat.playerKills":1,"stat.pickup.minecraft.stick":13,"stat.drop.minecraft.rotten_flesh":5,"stat.pickup.minecraft.crafting_table":6,"stat.useItem.minecraft.cobblestone":21,"stat.craftItem.minecraft.crafting_table":2,"stat.mineBlock.minecraft.double_plant":1,"stat.pickup.cgm.handgun":1,"stat.useItem.minecraft.lava_bucket":5,"stat.pickup.minecraft.log":161,"stat.drop.cgm.advanced_ammo":64,"stat.pickup.minecraft.tnt":9,"stat.pickup.minecraft.stone":131,"stat.pickup.minecraft.sapling":4,"stat.pickup.minecraft.cooked_beef":122,"stat.pickup.minecraft.gold_ingot":3,"stat.pickup.mutantbeasts.hulk_hammer":1,"stat.killEntity.Skeleton":17,"stat.pickup.minecraft.record_mellohi":6,"stat.craftItem.minecraft.planks":36,"stat.killEntity.Spider":8,"stat.drop.cgm.handgun":1,"stat.pickup.minecraft.stone_sword":2,"stat.mobKills":73,"stat.mineBlock.minecraft.log":36,"stat.mineBlock.minecraft.leaves":7,"stat.pickup.minecraft.iron_horse_armor":1,"stat.pickup.minecraft.torch":40,"stat.pickup.mutantbeasts.mutant_skeleton_limb":1,"stat.sneakTime":9076,"stat.pickup.minecraft.wool":4,"stat.drop.minecraft.stone_axe":1,"stat.useItem.minecraft.wooden_axe":4,"stat.pickup.minecraft.stone_slab":31,"stat.mineBlock.minecraft.stone":109,"stat.drop.minecraft.wooden_axe":1}