{"stat.drop.minecraft.stone_pickaxe":1,"stat.useItem.minecraft.bow":4,"stat.pickup.minecraft.bone":164,"stat.leaveGame":2,"stat.mineBlock.minecraft.cobblestone":28,"stat.pickup.minecraft.stone_pickaxe":7,"stat.pickup.mutantbeasts.mutant_skeleton_pelvis":1,"stat.useItem.minecraft.diamond_sword":67,"stat.pickup.gravestone.death_info":18,"stat.swimOneCm":40127,"stat.climbOneCm":239,"stat.useItem.minecraft.planks":1,"stat.pickup.minecraft.enchanted_book":1,"stat.mineBlock.gravestone.gravestone":7,"stat.useItem.minecraft.dirt":92,"stat.useItem.minecraft.stone_slab2":222,"stat.pickup.minecraft.bow":6,"stat.useItem.minecraft.water_bucket":12,"stat.pickup.minecraft.rotten_flesh":130,"stat.pickup.minecraft.sand":2,"stat.craftItem.minecraft.furnace":1,"stat.entityKilledBy.Spider":2,"stat.craftItem.minecraft.stone_axe":2,"stat.craftItem.minecraft.stone_pickaxe":3,"stat.craftItem.minecraft.cooked_beef":14,"stat.pickup.minecraft.cobblestone":380,"stat.craftItem.minecraft.stone_sword":1,"stat.flyOneCm":734461,"stat.mineBlock.minecraft.sand":2,"stat.drop.minecraft.wheat_seeds":1,"stat.craftItem.toughasnails.campfire":3,"stat.useItem.minecraft.cooked_beef":5,"stat.mineBlock.minecraft.iron_ore":14,"stat.timeSinceDeath":37281,"stat.craftItem.minecraft.wooden_pickaxe":1,"stat.drop.minecraft.spider_eye":1,"stat.pickup.minecraft.mutton":21,"stat.drop.gravestone.death_info":14,"stat.pickup.cgm.basic_ammo":14,"stat.pickup.minecraft.wooden_axe":4,"stat.mineBlock.minecraft.vine":1,"stat.furnaceInteraction":24,"stat.drop.minecraft.dirt":20,"stat.mineBlock.minecraft.coal_ore":25,"stat.killEntity.Creeper":12,"stat.pickup.minecraft.string":42,"stat.pickup.cgm.advanced_ammo":64,"stat.pickup.toughasnails.campfire":1,"stat.pickup.minecraft.beef":14,"stat.pickup.minecraft.furnace":8,"stat.entityKilledBy.Skeleton":6,"stat.craftItem.minecraft.stone_slab2":0,"stat.killEntity.mutantbeasts.mutant_zombie":1,"stat.sprintOneCm":121147,"stat.mineBlock.minecraft.stone_slab":7,"stat.pickup.minecraft.skull":4,"stat.craftItem.minecraft.stick":24,"stat.craftItem.minecraft.wooden_axe":1,"stat.useItem.minecraft.stone_slab":7,"stat.craftItem.minecraft.stone":10,"stat.mineBlock.minecraft.crafting_table":4,"stat.entityKilledBy.Creeper":3,"stat.deaths":15,"stat.mineBlock.minecraft.planks":8,"stat.drop":33,"stat.pickup.minecraft.egg":1,"stat.playOneMinute":126864,"stat.drop.minecraft.string":5,"stat.killEntity.Sheep":14,"stat.entityKilledBy.mutantbeasts.mutant_creeper":1,"stat.killEntity.Zombie":17,"stat.mineBlock.minecraft.tallgrass":19,"stat.diveOneCm":63250,"stat.pickup.minecraft.cooked_mutton":8,"stat.chestOpened":14,"stat.useItem.minecraft.stone":40,"stat.pickup.minecraft.arrow":123,"stat.pickup.minecraft.stone_axe":8,"stat.mineBlock.toughasnails.campfire":1,"stat.jump":1810,"stat.pickup.minecraft.coal":90,"stat.fallOneCm":40751,"stat.drop.minecraft.stone":65,"stat.drop.minecraft.dye":2,"stat.pickup.mutantbeasts.mutant_skeleton_shoulder_pad":1,"stat.useItem.minecraft.stone_axe":93,"stat.pickup.mutantbeasts.mutant_skeleton_skull":1,"stat.pickup.minecraft.gunpowder":91,"stat.crouchOneCm":22261,"stat.pickup.minecraft.spider_eye":1,"stat.craftItem.minecraft.torch":8,"stat.craftItem.minecraft.iron_ingot":4,"stat.pickup.minecraft.dirt":191,"stat.craftingTableInteraction":15,"stat.pickup.minecraft.iron_ore":14,"stat.drop.toughasnails.campfire":2,"stat.killEntity.mutantbeasts.mutant_creeper":1,"stat.pickup.minecraft.wooden_pickaxe":3,"stat.pickup.minecraft.leather":66,"stat.damageTaken":4968,"stat.mineBlock.minecraft.furnace":4,"stat.mineBlock.minecraft.torch":11,"stat.useItem.minecraft.wooden_pickaxe":52,"stat.useItem.minecraft.furnace":1,"stat.pickup.minecraft.dye":2,"stat.pickup.minecraft.planks":141,"stat.pickup.minecraft.reeds":61,"stat.pickup.minecraft.wheat_seeds":26,"stat.entityKilledBy.Zombie":2,"stat.useItem.minecraft.stone_pickaxe":204,"stat.useItem.minecraft.stone_sword":133,"stat.damageDealt":13404,"stat.killEntity.Cow":5,"stat.mineBlock.minecraft.dirt":5,"stat.craftItem.minecraft.stone_slab":6,"stat.walkOneCm":130012,"stat.useItem.minecraft.torch":9,"stat.pickup.minecraft.golden_apple":1,"stat.playerKills":1,"stat.pickup.minecraft.stick":13,"stat.drop.minecraft.rotten_flesh":5,"stat.pickup.minecraft.crafting_table":8,"stat.useItem.minecraft.cobblestone":41,"stat.craftItem.minecraft.crafting_table":3,"stat.mineBlock.minecraft.double_plant":1,"stat.pickup.cgm.handgun":1,"stat.useItem.minecraft.lava_bucket":5,"stat.craftItem.firstaid.bandage":4,"stat.pickup.minecraft.log":161,"stat.drop.cgm.advanced_ammo":64,"stat.pickup.minecraft.tnt":9,"stat.pickup.minecraft.stone":141,"stat.pickup.minecraft.sapling":6,"stat.pickup.minecraft.cooked_beef":122,"stat.pickup.minecraft.gold_ingot":3,"stat.pickup.mutantbeasts.hulk_hammer":1,"stat.killEntity.Skeleton":17,"stat.pickup.minecraft.record_mellohi":6,"stat.craftItem.minecraft.planks":36,"stat.killEntity.Spider":8,"stat.drop.cgm.handgun":1,"stat.pickup.minecraft.stone_sword":2,"stat.mobKills":88,"stat.mineBlock.minecraft.log":36,"stat.useItem.minecraft.golden_apple":1,"stat.pickup.minecraft.water_bucket":1,"stat.mineBlock.minecraft.leaves":7,"stat.pickup.minecraft.iron_horse_armor":1,"stat.pickup.minecraft.torch":40,"stat.pickup.mutantbeasts.mutant_skeleton_limb":1,"stat.sneakTime":13190,"stat.pickup.minecraft.wool":18,"stat.drop.minecraft.stone_axe":1,"stat.useItem.minecraft.wooden_axe":4,"stat.pickup.minecraft.stone_slab":31,"stat.mineBlock.minecraft.stone":154,"stat.drop.minecraft.wooden_axe":1}