{"stat.walkOneCm":26996,"stat.drop.minecraft.wooden_pickaxe":1,"stat.pickup.minecraft.waterlily":1,"stat.pickup.minecraft.crafting_table":3,"stat.craftItem.minecraft.crafting_table":1,"stat.mineBlock.minecraft.double_plant":10,"stat.pickup.minecraft.log":25,"stat.jump":263,"stat.swimOneCm":248,"stat.fallOneCm":5371,"stat.climbOneCm":2234,"stat.pickup.minecraft.beef":12,"stat.useItem.minecraft.stone_axe":46,"stat.crouchOneCm":1096,"stat.pickup.minecraft.chicken":12,"stat.pickup.minecraft.dirt":3,"stat.useItem.minecraft.dirt":2,"stat.sprintOneCm":23214,"stat.useItem.minecraft.stone_slab2":4,"stat.craftItem.minecraft.stick":16,"stat.craftItem.minecraft.wooden_axe":1,"stat.craftingTableInteraction":3,"stat.craftItem.minecraft.planks":36,"stat.killEntity.Chicken":12,"stat.useItem.minecraft.egg":6,"stat.craftItem.minecraft.stone_axe":1,"stat.damageTaken":60,"stat.mineBlock.minecraft.crafting_table":3,"stat.pickup.minecraft.feather":13,"stat.pickup.minecraft.leather":3,"stat.craftItem.minecraft.stone_pickaxe":1,"stat.useItem.minecraft.wooden_pickaxe":9,"stat.pickup.minecraft.cobblestone":9,"stat.mobKills":18,"stat.mineBlock.minecraft.log":25,"stat.mineBlock.minecraft.waterlily":1,"stat.pickup.minecraft.reeds":11,"stat.flyOneCm":42338,"stat.pickup.minecraft.wheat_seeds":8,"stat.drop":5,"stat.pickup.minecraft.egg":6,"stat.mineBlock.minecraft.leaves":5,"stat.playOneMinute":11539,"stat.drop.minecraft.wheat_seeds":8,"stat.sneakTime":553,"stat.damageDealt":1080,"stat.timeSinceDeath":11539,"stat.useItem.minecraft.wooden_axe":10,"stat.killEntity.Cow":6,"stat.mineBlock.minecraft.dirt":3,"stat.craftItem.minecraft.wooden_pickaxe":1,"stat.mineBlock.minecraft.stone":9,"stat.mineBlock.minecraft.tallgrass":37,"stat.drop.minecraft.wooden_axe":1}