{"stat.drop.minecraft.stone_pickaxe":1,"stat.walkOneCm":29375,"stat.drop.gravestone.death_info":2,"stat.leaveGame":1,"stat.drop.minecraft.rotten_flesh":1,"stat.mineBlock.minecraft.vine":1,"stat.pickup.minecraft.crafting_table":1,"stat.craftItem.minecraft.crafting_table":2,"stat.pickup.minecraft.stone_axe":1,"stat.drop.minecraft.dirt":12,"stat.mineBlock.minecraft.double_plant":1,"stat.killEntity.Creeper":1,"stat.useItem.minecraft.diamond_sword":16,"stat.pickup.minecraft.string":5,"stat.pickup.minecraft.log":33,"stat.swimOneCm":4753,"stat.jump":250,"stat.fallOneCm":4232,"stat.climbOneCm":239,"stat.pickup.minecraft.beef":6,"stat.useItem.minecraft.stone_axe":28,"stat.crouchOneCm":6102,"stat.mineBlock.gravestone.gravestone":1,"stat.pickup.minecraft.spider_eye":1,"stat.pickup.minecraft.sapling":1,"stat.pickup.minecraft.dirt":33,"stat.useItem.minecraft.dirt":92,"stat.sprintOneCm":19978,"stat.useItem.minecraft.stone_slab2":5,"stat.craftItem.minecraft.stick":16,"stat.craftItem.minecraft.wooden_axe":1,"stat.craftingTableInteraction":4,"stat.pickup.minecraft.rotten_flesh":2,"stat.craftItem.minecraft.planks":36,"stat.craftItem.minecraft.stone_axe":2,"stat.damageTaken":650,"stat.killEntity.Spider":3,"stat.pickup.minecraft.leather":3,"stat.mineBlock.minecraft.crafting_table":1,"stat.craftItem.minecraft.stone_pickaxe":2,"stat.useItem.minecraft.wooden_pickaxe":52,"stat.mobKills":9,"stat.pickup.minecraft.cobblestone":34,"stat.mineBlock.minecraft.log":35,"stat.entityKilledBy.Creeper":1,"stat.pickup.minecraft.reeds":5,"stat.flyOneCm":68080,"stat.deaths":2,"stat.pickup.minecraft.wheat_seeds":5,"stat.drop":11,"stat.mineBlock.minecraft.leaves":7,"stat.playOneMinute":28963,"stat.entityKilledBy.Zombie":1,"stat.drop.minecraft.string":5,"stat.sneakTime":2485,"stat.damageDealt":1312,"stat.drop.minecraft.stone_axe":1,"stat.killEntity.Zombie":2,"stat.timeSinceDeath":16595,"stat.useItem.minecraft.wooden_axe":4,"stat.killEntity.Cow":2,"stat.drop.minecraft.spider_eye":1,"stat.craftItem.minecraft.wooden_pickaxe":1,"stat.mineBlock.minecraft.stone":34,"stat.mineBlock.minecraft.tallgrass":14,"stat.diveOneCm":2088,"stat.drop.minecraft.wooden_axe":1}