{
  "minecraft:recipes/transportation/acacia_boat": {
    "criteria": {
      "entered_water": "2024-07-04 21:30:47 +0000"
    },
    "done": true
  },
  "minecraft:recipes/misc/bone_meal_from_bone": {
    "criteria": {
      "has_bone": "2024-07-04 21:30:58 +0000"
    },
    "done": true
  },
  "minecraft:recipes/transportation/dark_oak_boat": {
    "criteria": {
      "entered_water": "2024-07-04 21:30:47 +0000"
    },
    "done": true
  },
  "minecraft:adventure/root": {
    "criteria": {
      "killed_by_something": "2024-07-04 21:31:14 +0000"
    },
    "done": true
  },
  "minecraft:recipes/transportation/birch_boat": {
    "criteria": {
      "entered_water": "2024-07-04 21:30:47 +0000"
    },
    "done": true
  },
  "minecraft:recipes/transportation/boat": {
    "criteria": {
      "entered_water": "2024-07-04 21:30:47 +0000"
    },
    "done": true
  },
  "minecraft:recipes/transportation/jungle_boat": {
    "criteria": {
      "entered_water": "2024-07-04 21:30:47 +0000"
    },
    "done": true
  },
  "minecraft:recipes/transportation/spruce_boat": {
    "criteria": {
      "entered_water": "2024-07-04 21:30:47 +0000"
    },
    "done": true
  },
  "mutantbeasts:root": {
    "criteria": {
      "killed_by_something": "2024-07-04 21:31:14 +0000"
    },
    "done": true
  },
  "minecraft:adventure/adventuring_time": {
    "criteria": {
      "plains": "2024-07-04 21:30:47 +0000",
      "jungle_edge": "2024-07-04 21:34:43 +0000",
      "river": "2024-07-04 21:33:36 +0000"
    },
    "done": false
  }
}