{
  "dungeontactics:recipes/misc/convenience/planks_from_sticks": {
    "criteria": {
      "has_spruce": "2024-07-06 02:54:37 +0000"
    },
    "done": true
  },
  "minecraft:recipes/tools/fishing_rod": {
    "criteria": {
      "has_string": "2024-07-06 03:11:35 +0000"
    },
    "done": true
  },
  "minecraft:recipes/combat/bow": {
    "criteria": {
      "has_string": "2024-07-06 03:11:35 +0000"
    },
    "done": true
  },
  "dungeontactics:recipes/weapons/stone_weapons": {
    "criteria": {
      "has_item": "2024-07-06 02:55:07 +0000"
    },
    "done": true
  },
  "minecraft:recipes/building_blocks/string_to_wool": {
    "criteria": {
      "has_string": "2024-07-06 03:11:35 +0000"
    },
    "done": true
  },
  "minecraft:recipes/tools/wooden_axe": {
    "criteria": {
      "has_stick": "2024-07-06 02:54:42 +0000"
    },
    "done": true
  },
  "minecraft:recipes/redstone/lever": {
    "criteria": {
      "has_cobblestone": "2024-07-06 02:55:07 +0000"
    },
    "done": true
  },
  "dungeontactics:recipes/weapons/slingshot": {
    "criteria": {
      "has_item": "2024-07-06 03:11:35 +0000"
    },
    "done": true
  },
  "dungeontactics:recipes/misc/ration": {
    "criteria": {
      "has_item": "2024-07-06 03:11:52 +0000"
    },
    "done": true
  },
  "cqrepoured:cqr/root": {
    "criteria": {
      "tick": "2024-07-06 02:16:56 +0000"
    },
    "done": true
  },
  "minecraft:recipes/redstone/spruce_door": {
    "criteria": {
      "has_planks": "2024-07-06 02:54:37 +0000"
    },
    "done": true
  },
  "dungeontactics:recipes/misc/convenience/sticks_from_cactus": {
    "criteria": {
      "has_stick": "2024-07-06 02:54:42 +0000"
    },
    "done": true
  },
  "minecraft:story/mine_stone": {
    "criteria": {
      "get_stone": "2024-07-06 02:55:07 +0000"
    },
    "done": true
  },
  "minecraft:recipes/decorations/furnace": {
    "criteria": {
      "has_cobblestone": "2024-07-06 02:55:07 +0000"
    },
    "done": true
  },
  "minecraft:recipes/redstone/spruce_fence_gate": {
    "criteria": {
      "has_planks": "2024-07-06 02:54:37 +0000"
    },
    "done": true
  },
  "minecraft:recipes/misc/pumpkin_seeds": {
    "criteria": {
      "has_pumpkin": "2024-07-06 03:12:30 +0000"
    },
    "done": true
  },
  "minecraft:adventure/adventuring_time": {
    "criteria": {
      "ice_flats": "2024-07-06 03:12:19 +0000",
      "taiga_cold": "2024-07-06 02:16:56 +0000",
      "river": "2024-07-06 02:55:49 +0000"
    },
    "done": false
  },
  "minecraft:recipes/decorations/crafting_table": {
    "criteria": {
      "has_planks": "2024-07-06 02:54:37 +0000"
    },
    "done": true
  },
  "minecraft:recipes/building_blocks/spruce_planks": {
    "criteria": {
      "has_log": "2024-07-06 02:53:57 +0000"
    },
    "done": true
  },
  "minecraft:recipes/tools/wooden_pickaxe": {
    "criteria": {
      "has_stick": "2024-07-06 02:54:42 +0000"
    },
    "done": true
  },
  "minecraft:recipes/redstone/trapdoor": {
    "criteria": {
      "has_planks": "2024-07-06 02:54:37 +0000"
    },
    "done": true
  },
  "minecraft:recipes/misc/leather": {
    "criteria": {
      "has_rabbit_hide": "2024-07-06 03:20:07 +0000"
    },
    "done": true
  },
  "minecraft:recipes/decorations/ladder": {
    "criteria": {
      "has_stick": "2024-07-06 02:54:42 +0000"
    },
    "done": true
  },
  "minecraft:recipes/decorations/chest": {
    "criteria": {
      "has_lots_of_items": "2024-07-06 03:11:03 +0000"
    },
    "done": true
  },
  "minecraft:recipes/combat/stone_sword": {
    "criteria": {
      "has_cobblestone": "2024-07-06 02:55:07 +0000"
    },
    "done": true
  },
  "minecraft:recipes/decorations/cobblestone_wall": {
    "criteria": {
      "has_cobblestone": "2024-07-06 02:55:07 +0000"
    },
    "done": true
  },
  "minecraft:recipes/tools/wooden_shovel": {
    "criteria": {
      "has_stick": "2024-07-06 02:54:42 +0000"
    },
    "done": true
  },
  "dungeontactics:recipes/misc/wooden_chair": {
    "criteria": {
      "has_recipe": "2024-07-06 02:54:42 +0000",
      "has_wood": "2024-07-06 02:54:42 +0000"
    },
    "done": true
  },
  "minecraft:recipes/brewing/fermented_spider_eye": {
    "criteria": {
      "has_spider_eye": "2024-07-06 03:11:35 +0000"
    },
    "done": true
  },
  "minecraft:recipes/decorations/torch": {
    "criteria": {
      "has_stone_pickaxe": "2024-07-06 03:13:17 +0000"
    },
    "done": true
  },
  "minecraft:recipes/tools/stone_pickaxe": {
    "criteria": {
      "has_cobblestone": "2024-07-06 02:55:07 +0000"
    },
    "done": true
  },
  "minecraft:recipes/redstone/wooden_pressure_plate": {
    "criteria": {
      "has_planks": "2024-07-06 02:54:37 +0000"
    },
    "done": true
  },
  "minecraft:recipes/misc/stick": {
    "criteria": {
      "has_planks": "2024-07-06 02:54:37 +0000"
    },
    "done": true
  },
  "minecraft:adventure/root": {
    "criteria": {
      "killed_something": "2024-07-06 02:56:58 +0000"
    },
    "done": true
  },
  "minecraft:recipes/decorations/sign": {
    "criteria": {
      "has_planks": "2024-07-06 02:54:37 +0000"
    },
    "done": true
  },
  "dungeontactics:recipes/misc/wooden_table": {
    "criteria": {
      "has_wood": "2024-07-06 02:54:42 +0000"
    },
    "done": true
  },
  "dungeontactics:recipes/misc/convenience/sticks_from_saplings": {
    "criteria": {
      "has_sapling": "2024-07-06 02:54:27 +0000"
    },
    "done": true
  },
  "minecraft:recipes/redstone/wooden_button": {
    "criteria": {
      "has_planks": "2024-07-06 02:54:37 +0000"
    },
    "done": true
  },
  "minecraft:recipes/combat/wooden_sword": {
    "criteria": {
      "has_stick": "2024-07-06 02:54:42 +0000"
    },
    "done": true
  },
  "minecraft:recipes/tools/stone_shovel": {
    "criteria": {
      "has_cobblestone": "2024-07-06 02:55:07 +0000"
    },
    "done": true
  },
  "minecraft:recipes/building_blocks/oak_planks": {
    "criteria": {
      "has_log": "2024-07-06 02:57:50 +0000"
    },
    "done": true
  },
  "minecraft:recipes/tools/stone_hoe": {
    "criteria": {
      "has_cobblestone": "2024-07-06 02:55:07 +0000"
    },
    "done": true
  },
  "minecraft:recipes/decorations/spruce_fence": {
    "criteria": {
      "has_planks": "2024-07-06 02:54:37 +0000"
    },
    "done": true
  },
  "minecraft:recipes/food/pumpkin_pie": {
    "criteria": {
      "has_pumpkin": "2024-07-06 03:12:30 +0000"
    },
    "done": true
  },
  "dungeontactics:recipes/misc/convenience/string_from_wool": {
    "criteria": {
      "has_string": "2024-07-06 03:11:35 +0000"
    },
    "done": true
  },
  "dungeontactics:recipes/tools/climbing_rope": {
    "criteria": {
      "has_recipe": "2024-07-06 02:54:42 +0000"
    },
    "done": true
  },
  "minecraft:recipes/building_blocks/lit_pumpkin": {
    "criteria": {
      "has_pumpkin": "2024-07-06 03:12:30 +0000"
    },
    "done": true
  },
  "minecraft:recipes/tools/wooden_hoe": {
    "criteria": {
      "has_stick": "2024-07-06 02:54:42 +0000"
    },
    "done": true
  },
  "minecraft:recipes/building_blocks/cobblestone_slab": {
    "criteria": {
      "has_cobblestone": "2024-07-06 02:55:07 +0000"
    },
    "done": true
  },
  "dungeontactics:recipes/armour/stone_plate_armour": {
    "criteria": {
      "has_item": "2024-07-06 02:55:07 +0000"
    },
    "done": true
  },
  "minecraft:recipes/building_blocks/spruce_stairs": {
    "criteria": {
      "has_planks": "2024-07-06 02:54:37 +0000"
    },
    "done": true
  },
  "minecraft:recipes/building_blocks/stone_stairs": {
    "criteria": {
      "has_cobblestone": "2024-07-06 02:55:07 +0000"
    },
    "done": true
  },
  "minecraft:recipes/redstone/tripwire_hook": {
    "criteria": {
      "has_string": "2024-07-06 03:11:35 +0000"
    },
    "done": true
  },
  "minecraft:recipes/misc/bone_meal_from_bone": {
    "criteria": {
      "has_bone": "2024-07-06 03:11:56 +0000"
    },
    "done": true
  },
  "minecraft:story/upgrade_tools": {
    "criteria": {
      "stone_pickaxe": "2024-07-06 03:13:17 +0000"
    },
    "done": true
  },
  "minecraft:recipes/building_blocks/spruce_wooden_slab": {
    "criteria": {
      "has_planks": "2024-07-06 02:54:37 +0000"
    },
    "done": true
  },
  "minecraft:story/root": {
    "criteria": {
      "crafting_table": "2024-07-06 02:54:41 +0000"
    },
    "done": true
  },
  "dungeontactics:dungeoneering/born_survivor": {
    "criteria": {
      "stab": "2024-07-06 02:16:56 +0000"
    },
    "done": false
  },
  "minecraft:recipes/tools/stone_axe": {
    "criteria": {
      "has_cobblestone": "2024-07-06 02:55:07 +0000"
    },
    "done": true
  },
  "dungeontactics:recipes/weapons/wooden_weapons": {
    "criteria": {
      "has_item": "2024-07-06 02:54:42 +0000"
    },
    "done": true
  },
  "dungeontactics:recipes/misc/barrel": {
    "criteria": {
      "has_spruce": "2024-07-06 02:54:37 +0000"
    },
    "done": true
  },
  "dungeontactics:dungeoneering/root": {
    "criteria": {
      "kill": "2024-07-06 02:56:58 +0000"
    },
    "done": true
  },
  "dungeontactics:recipes/tools/fire_starter": {
    "criteria": {
      "has_item": "2024-07-06 02:54:42 +0000"
    },
    "done": true
  }
}